"Virus name contain ORF 8 replacement S24L","GISAID ID",Lineage,"GISAID Clade",Location,"Collection date"
hCoV-19/USA/WI-WSLH-200081/2020,EPI_ISL_471245,"B.1.p2 or B.1",GH,"North America / USA / Wisconsin",10-APR-2020
hCoV-19/USA/WI-WSLH-200079/2020,EPI_ISL_471244,"B.1.p2 or B.1",GH,"North America / USA / Wisconsin",2-APR-2020
hCoV-19/USA/WI-WSLH-200047/2020,EPI_ISL_471212,"B.1.p2 or B.1",GH,"North America / USA / Wisconsin",2020/03/25
hCoV-19/USA/WI-WSLH-200039/2020,EPI_ISL_471204,"B.1.p2 or B.1",GH,"North America / USA / Wisconsin",2020/03/23
hCoV-19/USA/MN-MDH-1109/2020,EPI_ISL_470789,"B.1.p2 or B.1",GH,"North America / USA / Minnesota",2020/06/03
hCoV-19/USA/MN-MDH-1108/2020,EPI_ISL_470788,"B.1.p2 or B.1",GH,"North America / USA / Minnesota",2020/06/03
hCoV-19/USA/MN-MDH-1107/2020,EPI_ISL_470787,"B.1.p2 or B.1",GH,"North America / USA / Minnesota",2020/06/03
hCoV-19/USA/MN-MDH-1106/2020,EPI_ISL_470786,"B.1.p2 or B.1",GH,"North America / USA / Minnesota",2020/06/03
hCoV-19/USA/MN-MDH-1105/2020,EPI_ISL_470785,"B.1.p2 or B.1",GH,"North America / USA / Minnesota",2020/06/03
hCoV-19/USA/MN-MDH-1104/2020,EPI_ISL_470784,"B.1.p2 or B.1",GH,"North America / USA / Minnesota",2020/06/03
hCoV-19/USA/MN-MDH-1103/2020,EPI_ISL_470783,"B.1.p2 or B.1",GH,"North America / USA / Minnesota",2020/06/03
hCoV-19/USA/MN-MDH-1102/2020,EPI_ISL_470782,"B.1.p2 or B.1",GH,"North America / USA / Minnesota",2020/06/03
hCoV-19/USA/MN-MDH-1101/2020,EPI_ISL_470781,"B.1.p2 or B.1",GH,"North America / USA / Minnesota",2020/06/03
hCoV-19/USA/MN-MDH-1100/2020,EPI_ISL_470780,"B.1.p2 or B.1",GH,"North America / USA / Minnesota",2020/06/03
hCoV-19/USA/MN-MDH-1099/2020,EPI_ISL_470779,"B.1.p2 or B.1",GH,"North America / USA / Minnesota",2020/06/03
hCoV-19/USA/MN-MDH-1098/2020,EPI_ISL_470778,"B.1.p2 or B.1",GH,"North America / USA / Minnesota",2020/06/03
hCoV-19/USA/MN-MDH-1097/2020,EPI_ISL_470777,"B.1.p2 or B.1",GH,"North America / USA / Minnesota",2020/06/03
hCoV-19/USA/MN-MDH-1096/2020,EPI_ISL_470776,"B.1.p2 or B.1",GH,"North America / USA / Minnesota",2020/06/03
hCoV-19/USA/MN-MDH-1095/2020,EPI_ISL_470775,"B.1.p2 or B.1",GH,"North America / USA / Minnesota",2020/06/03
hCoV-19/USA/MN-MDH-1094/2020,EPI_ISL_470774,"B.1.p2 or B.1",GH,"North America / USA / Minnesota",2020/06/03
hCoV-19/USA/MN-MDH-1093/2020,EPI_ISL_470773,"B.1.p2 or B.1",GH,"North America / USA / Minnesota",2020/06/03
hCoV-19/USA/MN-MDH-1092/2020,EPI_ISL_470772,"B.1.p2 or B.1",GH,"North America / USA / Minnesota",2020/06/03
hCoV-19/USA/MN-MDH-1091/2020,EPI_ISL_470771,"B.1.p2 or B.1",GH,"North America / USA / Minnesota",2020/06/03
hCoV-19/USA/MN-MDH-1090/2020,EPI_ISL_470770,"B.1.p2 or B.1",GH,"North America / USA / Minnesota",2020/06/03
hCoV-19/USA/MN-MDH-1089/2020,EPI_ISL_470769,"B.1.p2 or B.1",GH,"North America / USA / Minnesota",2020/06/03
hCoV-19/USA/MN-MDH-1088/2020,EPI_ISL_470768,"B.1.p2 or B.1",GH,"North America / USA / Minnesota",2020/06/03
hCoV-19/USA/MN-MDH-1087/2020,EPI_ISL_470767,"B.1.p2 or B.1",GH,"North America / USA / Minnesota",2020/06/03
hCoV-19/USA/MN-MDH-1086/2020,EPI_ISL_470766,"B.1.p2 or B.1",GH,"North America / USA / Minnesota",2020/06/03
hCoV-19/USA/MN-MDH-1085/2020,EPI_ISL_470765,"B.1.p2 or B.1",GH,"North America / USA / Minnesota",2020/06/03
hCoV-19/USA/MN-MDH-1084/2020,EPI_ISL_470764,"B.1.p2 or B.1",GH,"North America / USA / Minnesota",2020/06/03
hCoV-19/USA/MN-MDH-1083/2020,EPI_ISL_470763,"B.1.p2 or B.1",GH,"North America / USA / Minnesota",2020/06/03
hCoV-19/USA/MN-MDH-1082/2020,EPI_ISL_470762,"B.1.p2 or B.1",GH,"North America / USA / Minnesota",2020/06/03
hCoV-19/USA/MN-MDH-1081/2020,EPI_ISL_470761,"B.1.p2 or B.1",GH,"North America / USA / Minnesota",2020/06/03
hCoV-19/USA/MN-MDH-1080/2020,EPI_ISL_470760,"B.1.p2 or B.1",GH,"North America / USA / Minnesota",2020/06/03
hCoV-19/USA/MN-MDH-1079/2020,EPI_ISL_470759,"B.1.p2 or B.1",GH,"North America / USA / Minnesota",2020/06/03
hCoV-19/USA/MN-MDH-1078/2020,EPI_ISL_470758,"B.1.p2 or B.1",GH,"North America / USA / Minnesota",2020/06/03
hCoV-19/USA/MN-MDH-1076/2020,EPI_ISL_470756,"B.1.p2 or B.1",GH,"North America / USA / Minnesota",2020/06/03
hCoV-19/USA/MN-MDH-1075/2020,EPI_ISL_470755,"B.1.p2 or B.1",GH,"North America / USA / Minnesota",2020/06/03
hCoV-19/USA/MN-MDH-1074/2020,EPI_ISL_470754,"B.1.p2 or B.1",GH,"North America / USA / Minnesota",2020/06/03
hCoV-19/USA/MN-MDH-1073/2020,EPI_ISL_470753,"B.1.p2 or B.1",GH,"North America / USA / Minnesota",2020/06/03
hCoV-19/USA/MN-MDH-1072/2020,EPI_ISL_470752,"B.1.p2 or B.1",GH,"North America / USA / Minnesota",2020/06/03
hCoV-19/USA/MN-MDH-1071/2020,EPI_ISL_470751,"B.1.p2 or B.1",GH,"North America / USA / Minnesota",2020/06/03
hCoV-19/USA/MN-MDH-1070/2020,EPI_ISL_470750,"B.1.p2 or B.1",GH,"North America / USA / Minnesota",2020/06/03
hCoV-19/USA/UT-01891/2020,EPI_ISL_470745,"B.1.p2 or B.1",GH,"North America / USA / Utah",11-APR-2020
hCoV-19/USA/UT-01889/2020,EPI_ISL_470742,"B.1.p2 or B.1",GH,"North America / USA / Utah",13-APR-2020
hCoV-19/USA/UT-03858/2020,EPI_ISL_470717,"B.1.p2 or B.1",GH,"North America / USA / Utah",6-APR-2020
hCoV-19/USA/UT-01872/2020,EPI_ISL_470696,"B.1.p2 or B.1",GH,"North America / USA / Utah",13-APR-2020
hCoV-19/USA/UT-01841/2020,EPI_ISL_470683,"B.1.p2 or B.1",GH,"North America / USA / Utah",12-APR-2020
hCoV-19/USA/UT-03822/2020,EPI_ISL_470678,"B.1.p2 or B.1",GH,"North America / USA / Utah",17-APR-2020
hCoV-19/USA/UT-02047/2020,EPI_ISL_470668,"B.1.p2 or B.1",GH,"North America / USA / Utah",20-APR-2020
hCoV-19/USA/UT-02044/2020,EPI_ISL_470666,"B.1.p2 or B.1",GH,"North America / USA / Utah",14-APR-2020
hCoV-19/USA/UT-02042/2020,EPI_ISL_470665,"B.1.p2 or B.1",GH,"North America / USA / Utah",14-APR-2020
hCoV-19/USA/UT-02041/2020,EPI_ISL_470664,"B.1.p2 or B.1",GH,"North America / USA / Utah",14-APR-2020
hCoV-19/USA/UT-02040/2020,EPI_ISL_470663,"B.1.p2 or B.1",GH,"North America / USA / Utah",14-APR-2020
hCoV-19/USA/UT-02033/2020,EPI_ISL_470660,"B.1.p2 or B.1",GH,"North America / USA / Utah",17-APR-2020
hCoV-19/USA/UT-02438/2020,EPI_ISL_470553,"B.1.p2 or B.1",GH,"North America / USA / Utah",21-APR-2020
hCoV-19/USA/LA-BIE-028/2020,EPI_ISL_468717,"B.1.p2 or B.1",GH,"North America / USA / Louisiana",4-APR-2020
hCoV-19/USA/LA-BIE-027/2020,EPI_ISL_468716,"B.1.p2 or B.1",GH,"North America / USA / Louisiana",8-APR-2020
hCoV-19/USA/LA-BIE-026/2020,EPI_ISL_468715,"B.1.p2 or B.1",GH,"North America / USA / Louisiana",6-APR-2020
hCoV-19/USA/LA-BIE-025/2020,EPI_ISL_468714,"B.1.p2 or B.1",GH,"North America / USA / Louisiana",6-APR-2020
hCoV-19/USA/LA-BIE-023/2020,EPI_ISL_468713,"B.1.p2 or B.1",GH,"North America / USA / Louisiana",6-APR-2020
hCoV-19/USA/LA-BIE-022/2020,EPI_ISL_468712,"B.1.p2 or B.1",GH,"North America / USA / Louisiana",3-APR-2020
hCoV-19/USA/LA-BIE-020/2020,EPI_ISL_468711,"B.1.p2 or B.1",GH,"North America / USA / Louisiana",8-APR-2020
hCoV-19/USA/LA-BIE-019/2020,EPI_ISL_468710,"B.1.p2 or B.1",GH,"North America / USA / Louisiana",8-APR-2020
hCoV-19/USA/LA-BIE-018/2020,EPI_ISL_468709,"B.1.p2 or B.1",GH,"North America / USA / Louisiana",7-APR-2020
hCoV-19/USA/LA-BIE-016/2020,EPI_ISL_468708,"B.1.p2 or B.1",GH,"North America / USA / Louisiana",7-APR-2020
hCoV-19/USA/LA-BIE-015/2020,EPI_ISL_468707,"B.1.p2 or B.1",GH,"North America / USA / Louisiana",8-APR-2020
hCoV-19/USA/LA-BIE-011/2020,EPI_ISL_468706,"B.1.p2 or B.1",GH,"North America / USA / Louisiana",8-APR-2020
hCoV-19/USA/LA-BIE-009/2020,EPI_ISL_468705,"B.1.p2 or B.1",GH,"North America / USA / Louisiana",7-APR-2020
hCoV-19/USA/LA-BIE-006/2020,EPI_ISL_468704,"B.1.p2 or B.1",GH,"North America / USA / Louisiana",7-APR-2020
hCoV-19/USA/LA-BIE-003/2020,EPI_ISL_468703,"B.1.p2 or B.1",GH,"North America / USA / Louisiana",6-APR-2020
hCoV-19/USA/LA-BIE-002/2020,EPI_ISL_468702,"B.1.p2 or B.1",GH,"North America / USA / Louisiana",6-APR-2020
hCoV-19/USA/LA-BIE-001/2020,EPI_ISL_468701,"B.1.p2 or B.1",GH,"North America / USA / Louisiana",6-APR-2020
hCoV-19/Canada/BC_15550440/2020,EPI_ISL_468671,"B.1.p2 or B.1",GH,"North America / Canada / British Columbia",APR-2020
hCoV-19/Canada/BC_15443411/2020,EPI_ISL_468666,"B.1.p2 or B.1",GH,"North America / Canada / British Columbia",APR-2020
hCoV-19/USA/CA-QDX-110/2020,EPI_ISL_468562,"B.1.p2 or B.1",GH,"North America / USA / California",2020/03/13
hCoV-19/USA/CA-CZB-1483/2020,EPI_ISL_468434,"B.1.p2 or B.1",GH,"North America / USA / California / San Luis Obispo County",1-MAY-2020
hCoV-19/USA/CA-CZB-1474/2020,EPI_ISL_468428,"B.1.p2 or B.1",GH,"North America / USA / California / San Luis Obispo County",29-APR-2020
hCoV-19/USA/CA-CZB-1473/2020,EPI_ISL_468427,"B.1.p2 or B.1",GH,"North America / USA / California / San Luis Obispo County",29-APR-2020
hCoV-19/USA/CA-CZB-1469/2020,EPI_ISL_468426,"B.1.p2 or B.1",GH,"North America / USA / California / San Luis Obispo County",28-APR-2020
hCoV-19/USA/CA-CZB-1456/2020,EPI_ISL_468417,"B.1.p2 or B.1",GH,"North America / USA / California / San Luis Obispo County",11-APR-2020
hCoV-19/USA/CA-CZB-1447/2020,EPI_ISL_468413,B.1,G,"North America / USA / California / San Luis Obispo County",2020/03/30
hCoV-19/USA/CA-CZB-1436/2020,EPI_ISL_468406,"B.1.p2 or B.1",GH,"North America / USA / California / San Luis Obispo County",2020/03/25
hCoV-19/USA/CA-CZB-1432/2020,EPI_ISL_468402,"B.1.p2 or B.1",GH,"North America / USA / California / San Luis Obispo County",2020/03/23
hCoV-19/USA/CA-CZB-1322/2020,EPI_ISL_468355,"B.1.p2 or B.1",GH,"North America / USA / California / Santa Clara County",20-MAY-2020
hCoV-19/USA/CA-CZB-1320/2020,EPI_ISL_468354,"B.1.p2 or B.1",GH,"North America / USA / California / Santa Clara County",20-MAY-2020
hCoV-19/USA/CA-SR0439/2020,EPI_ISL_467966,"B.1.p2 or B.1",GH,"North America / USA / California / San Diego",2020/03/30
hCoV-19/USA/TX-QDX-37/2020,EPI_ISL_467907,"B.1.p2 or B.1",GH,"North America / USA / Texas",2020/03/15
hCoV-19/USA/TN-QDX-126/2020,EPI_ISL_467905,"B.1.p2 or B.1",GH,"North America / USA / Tennessee",2020/03/13
hCoV-19/USA/MI-QDX-70/2020,EPI_ISL_467872,"B.1.p2 or B.1",GH,"North America / USA / Michigan",2020/03/15
hCoV-19/USA/CA-QDX-162/2020,EPI_ISL_467824,"B.1.p2 or B.1",GH,"North America / USA / California",2020/03/16
hCoV-19/USA/CA-QDX-160/2020,EPI_ISL_467822,"B.1.p2 or B.1",GH,"North America / USA / California",2020/03/16
hCoV-19/USA/NM-UNM-00123/2020,EPI_ISL_467648,"B.1.p2 or B.1",GH,"North America / USA / New Mexico",2-APR-2020
hCoV-19/USA/NM-UNM-00040/2020,EPI_ISL_467621,"B.1.p2 or B.1",GH,"North America / USA / New Mexico",2020/03/18
hCoV-19/USA/NM-UNM-00039/2020,EPI_ISL_467620,"B.1.p2 or B.1",GH,"North America / USA / New Mexico",2020/03/18
hCoV-19/USA/NM-UNM-00038/2020,EPI_ISL_467619,"B.1.p2 or B.1",GH,"North America / USA / New Mexico",2020/03/18
hCoV-19/USA/NM-UNM-00028/2020,EPI_ISL_467609,"B.1.p2 or B.1",GH,"North America / USA / New Mexico",2020/03/17
hCoV-19/USA/NM-UNM-00105/2020,EPI_ISL_467550,"B.1.p2 or B.1",GH,"North America / USA / New Mexico",2-APR-2020
hCoV-19/USA/NM-UNM-00079/2020,EPI_ISL_467536,"B.1.p2 or B.1",GH,"North America / USA / New Mexico",2020/03/26
hCoV-19/Canada/BC_13705728/2020,EPI_ISL_467424,"B.1.p2 or B.1",GH,"North America / Canada / British Columbia",APR-2020
hCoV-19/Canada/BC_13704688/2020,EPI_ISL_467423,"B.1.p2 or B.1",GH,"North America / Canada / British Columbia",APR-2020
hCoV-19/Canada/BC_12661418/2020,EPI_ISL_467336,"B.1.p2 or B.1",GH,"North America / Canada / British Columbia",APR-2020
hCoV-19/Canada/BC_12477112/2020,EPI_ISL_467335,"B.1.p2 or B.1",GH,"North America / Canada / British Columbia",APR-2020
hCoV-19/Canada/BC_12199086/2020,EPI_ISL_467331,"B.1.p2 or B.1",GH,"North America / Canada / British Columbia",APR-2020
hCoV-19/USA/MO-WUSTL033/2020,EPI_ISL_467301,"B.1.p2 or B.1",GH,"North America / United States / Missouri / St. Louis",2020/06/08
hCoV-19/Canada/BC_08347845/2020,EPI_ISL_466831,"B.1.p2 or B.1",GH,"North America / Canada / British Columbia",APR-2020
hCoV-19/Canada/BC_08283773/2020,EPI_ISL_466828,"B.1.p2 or B.1",GH,"North America / Canada / British Columbia",APR-2020
hCoV-19/Canada/BC_07986535/2020,EPI_ISL_466826,"B.1.p2 or B.1",GH,"North America / Canada / British Columbia",APR-2020
hCoV-19/Canada/BC_07360020/2020,EPI_ISL_466816,"B.1.p2 or B.1",GH,"North America / Canada / British Columbia",APR-2020
hCoV-19/Canada/BC_06768018/2020,EPI_ISL_466803,"B.1.p2 or B.1",GH,"North America / Canada / British Columbia",APR-2020
hCoV-19/Canada/BC_06378958/2020,EPI_ISL_466800,"B.1.p2 or B.1",GH,"North America / Canada / British Columbia",APR-2020
hCoV-19/Canada/BC_05300317/2020,EPI_ISL_466787,"B.1.p2 or B.1",GH,"North America / Canada / British Columbia",APR-2020
hCoV-19/Canada/BC_05132390/2020,EPI_ISL_466782,"B.1.p2 or B.1",GH,"North America / Canada / British Columbia",APR-2020
hCoV-19/Canada/BC_04935664/2020,EPI_ISL_466773,"B.1.p2 or B.1",GH,"North America / Canada / British Columbia",APR-2020
hCoV-19/Canada/BC_04930828/2020,EPI_ISL_466772,"B.1.p2 or B.1",GH,"North America / Canada / British Columbia",APR-2020
hCoV-19/Canada/BC_03970582/2020,EPI_ISL_466759,"B.1.p2 or B.1",GH,"North America / Canada / British Columbia",APR-2020
hCoV-19/Canada/BC_03907778/2020,EPI_ISL_466755,"B.1.p2 or B.1",GH,"North America / Canada / British Columbia",APR-2020
hCoV-19/Canada/BC_03069740/2020,EPI_ISL_466735,"B.1.p2 or B.1",GH,"North America / Canada / British Columbia",APR-2020
hCoV-19/Canada/BC_02594336/2020,EPI_ISL_466726,"B.1.p2 or B.1",GH,"North America / Canada / British Columbia",APR-2020
hCoV-19/Canada/BC_01594615/2020,EPI_ISL_466711,"B.1.p2 or B.1",GH,"North America / Canada / British Columbia",APR-2020
hCoV-19/Canada/BC_00696199/2020,EPI_ISL_466699,"B.1.p2 or B.1",GH,"North America / Canada / British Columbia",APR-2020
hCoV-19/Canada/BC_00646519/2020,EPI_ISL_466697,"B.1.p2 or B.1",GH,"North America / Canada / British Columbia",APR-2020
hCoV-19/Canada/BC_00576317/2020,EPI_ISL_466696,"B.1.p2 or B.1",GH,"North America / Canada / British Columbia",APR-2020
hCoV-19/Canada/Qc-L00240594/2020,EPI_ISL_465680,"B.1.p2 or B.1",GH,"North America / Canada / Quebec",2020/03/27
hCoV-19/England/20186036804/2020,EPI_ISL_465470,"B.1.p2 or B.1",GH,"Europe / United Kingdom / England",28-APR-2020
hCoV-19/Canada/QC_AT8/2020,EPI_ISL_463943,"B.1.p2 or B.1",GH,"North America / Canada / Quebec",4-APR-2020
hCoV-19/Canada/QC_AT7/2020,EPI_ISL_463942,"B.1.p2 or B.1",GH,"North America / Canada / Quebec",3-APR-2020
hCoV-19/Canada/QC_AR9/2020,EPI_ISL_463934,"B.1.p2 or B.1",GH,"North America / Canada / Quebec",5-APR-2020
hCoV-19/Canada/QC_AE6/2020,EPI_ISL_463906,"B.1.p2 or B.1",GH,"North America / Canada / Quebec",6-APR-2020
hCoV-19/USA/WA-S895/2020,EPI_ISL_463385,"B.1.p2 or B.1",GH,"North America / USA / Washington / Asotin County",24-APR-2020
hCoV-19/USA/LA-BIE-098/2020,EPI_ISL_463300,"B.1.p2 or B.1",GH,"North America / USA / Louisiana",6-APR-2020
hCoV-19/USA/LA-BIE-091/2020,EPI_ISL_463299,"B.1.p2 or B.1",GH,"North America / USA / Louisiana",6-APR-2020
hCoV-19/USA/LA-BIE-050/2020,EPI_ISL_463298,"B.1.p2 or B.1",GH,"North America / USA / Louisiana",4-APR-2020
hCoV-19/USA/LA-BIE-049/2020,EPI_ISL_463297,"B.1.p2 or B.1",GH,"North America / USA / Louisiana",3-APR-2020
hCoV-19/USA/LA-BIE-048/2020,EPI_ISL_463296,"B.1.p2 or B.1",GH,"North America / USA / Louisiana",6-APR-2020
hCoV-19/USA/LA-BIE-047/2020,EPI_ISL_463295,"B.1.p2 or B.1",GH,"North America / USA / Louisiana",4-APR-2020
hCoV-19/USA/LA-BIE-046/2020,EPI_ISL_463294,"B.1.p2 or B.1",GH,"North America / USA / Louisiana",6-APR-2020
hCoV-19/USA/LA-BIE-045/2020,EPI_ISL_463293,"B.1.p2 or B.1",GH,"North America / USA / Louisiana",8-APR-2020
hCoV-19/USA/LA-BIE-044/2020,EPI_ISL_463292,"B.1.p2 or B.1",GH,"North America / USA / Louisiana",7-APR-2020
hCoV-19/USA/LA-BIE-043/2020,EPI_ISL_463291,"B.1.p2 or B.1",GH,"North America / USA / Louisiana",6-APR-2020
hCoV-19/USA/LA-BIE-042/2020,EPI_ISL_463290,"B.1.p2 or B.1",GH,"North America / USA / Louisiana",7-APR-2020
hCoV-19/USA/LA-BIE-041/2020,EPI_ISL_463289,"B.1.p2 or B.1",GH,"North America / USA / Louisiana",6-APR-2020
hCoV-19/USA/LA-BIE-040/2020,EPI_ISL_463288,"B.1.p2 or B.1",GH,"North America / USA / Louisiana",3-APR-2020
hCoV-19/USA/LA-BIE-039/2020,EPI_ISL_463287,"B.1.p2 or B.1",GH,"North America / USA / Louisiana",4-APR-2020
hCoV-19/USA/LA-BIE-038/2020,EPI_ISL_463286,"B.1.p2 or B.1",GH,"North America / USA / Louisiana",4-APR-2020
hCoV-19/USA/LA-BIE-037/2020,EPI_ISL_463285,"B.1.p2 or B.1",GH,"North America / USA / Louisiana",4-APR-2020
hCoV-19/USA/LA-BIE-036/2020,EPI_ISL_463284,"B.1.p2 or B.1",GH,"North America / USA / Louisiana",3-APR-2020
hCoV-19/USA/LA-BIE-035/2020,EPI_ISL_463283,"B.1.p2 or B.1",GH,"North America / USA / Louisiana",4-APR-2020
hCoV-19/USA/LA-BIE-034/2020,EPI_ISL_463282,"B.1.p2 or B.1",GH,"North America / USA / Louisiana",4-APR-2020
hCoV-19/USA/LA-BIE-033/2020,EPI_ISL_463281,"B.1.p2 or B.1",GH,"North America / USA / Louisiana",6-APR-2020
hCoV-19/USA/LA-BIE-032/2020,EPI_ISL_463280,"B.1.p2 or B.1",GH,"North America / USA / Louisiana",6-APR-2020
hCoV-19/USA/LA-BIE-031/2020,EPI_ISL_463279,"B.1.p2 or B.1",GH,"North America / USA / Louisiana",4-APR-2020
hCoV-19/USA/LA-BIE-030/2020,EPI_ISL_463278,"B.1.p2 or B.1",GH,"North America / USA / Louisiana",6-APR-2020
hCoV-19/USA/LA-BIE-029/2020,EPI_ISL_463277,"B.1.p2 or B.1",GH,"North America / USA / Louisiana",6-APR-2020
hCoV-19/Canada/BC_27007571/2020,EPI_ISL_463257,"B.1.p2 or B.1",GH,"North America / Canada / British Columbia",2020/03/01
hCoV-19/Canada/BC_25336669/2020,EPI_ISL_463219,"B.1.p2 or B.1",GH,"North America / Canada / British Columbia",2020/03/01
hCoV-19/Canada/BC_24225776/2020,EPI_ISL_463199,"B.1.p2 or B.1",GH,"North America / Canada / British Columbia",2020/03/01
hCoV-19/USA/MN-MDH-1045/2020,EPI_ISL_462890,"B.1.p2 or B.1",GH,"North America / USA / Minnesota",11-MAY-2020
hCoV-19/USA/MN-MDH-1044/2020,EPI_ISL_462889,"B.1.p2 or B.1",GH,"North America / USA / Minnesota",11-MAY-2020
hCoV-19/USA/MN-MDH-1043/2020,EPI_ISL_462888,"B.1.p2 or B.1",GH,"North America / USA / Minnesota",11-MAY-2020
hCoV-19/USA/MN-MDH-1042/2020,EPI_ISL_462887,"B.1.p2 or B.1",GH,"North America / USA / Minnesota",7-MAY-2020
hCoV-19/USA/MN-MDH-1019/2020,EPI_ISL_462864,"B.1.p2 or B.1",GH,"North America / USA / Minnesota",30-APR-2020
hCoV-19/USA/MN-MDH-1017/2020,EPI_ISL_462862,"B.1.p2 or B.1",GH,"North America / USA / Minnesota",30-APR-2020
hCoV-19/USA/MN-MDH-1015/2020,EPI_ISL_462860,"B.1.p2 or B.1",GH,"North America / USA / Minnesota",30-APR-2020
hCoV-19/USA/MN-MDH-1014/2020,EPI_ISL_462859,"B.1.p2 or B.1",GH,"North America / USA / Minnesota",30-APR-2020
hCoV-19/USA/MN-MDH-1013/2020,EPI_ISL_462858,"B.1.p2 or B.1",GH,"North America / USA / Minnesota",30-APR-2020
hCoV-19/USA/MN-MDH-1012/2020,EPI_ISL_462857,"B.1.p2 or B.1",GH,"North America / USA / Minnesota",30-APR-2020
hCoV-19/USA/MN-MDH-1011/2020,EPI_ISL_462856,"B.1.p2 or B.1",GH,"North America / USA / Minnesota",30-APR-2020
hCoV-19/USA/MN-MDH-1010/2020,EPI_ISL_462855,"B.1.p2 or B.1",GH,"North America / USA / Minnesota",30-APR-2020
hCoV-19/USA/MN-MDH-1009/2020,EPI_ISL_462854,"B.1.p2 or B.1",GH,"North America / USA / Minnesota",30-APR-2020
hCoV-19/USA/MN-MDH-1008/2020,EPI_ISL_462853,"B.1.p2 or B.1",GH,"North America / USA / Minnesota",30-APR-2020
hCoV-19/USA/MN-MDH-1006/2020,EPI_ISL_462851,"B.1.p2 or B.1",GH,"North America / USA / Minnesota",30-APR-2020
hCoV-19/USA/MN-MDH-1005/2020,EPI_ISL_462850,"B.1.p2 or B.1",GH,"North America / USA / Minnesota",30-APR-2020
hCoV-19/USA/MN-MDH-1004/2020,EPI_ISL_462849,"B.1.p2 or B.1",GH,"North America / USA / Minnesota",30-APR-2020
hCoV-19/USA/MN-MDH-1003/2020,EPI_ISL_462848,"B.1.p2 or B.1",GH,"North America / USA / Minnesota",30-APR-2020
hCoV-19/USA/MN-MDH-1002/2020,EPI_ISL_462847,"B.1.p2 or B.1",GH,"North America / USA / Minnesota",30-APR-2020
hCoV-19/USA/MN-MDH-1001/2020,EPI_ISL_462846,"B.1.p2 or B.1",GH,"North America / USA / Minnesota",30-APR-2020
hCoV-19/USA/MN-MDH-1000/2020,EPI_ISL_462845,"B.1.p2 or B.1",GH,"North America / USA / Minnesota",30-APR-2020
hCoV-19/Canada/BC_21368114/2020,EPI_ISL_462809,"B.1.p2 or B.1",GH,"North America / Canada / British Columbia",2020/03/01
hCoV-19/Canada/BC_21016029/2020,EPI_ISL_462786,"B.1.p2 or B.1",GH,"North America / Canada / British Columbia",2020/03/01
hCoV-19/Singapore/178/2020,EPI_ISL_462296,"B.1.p2 or B.1",GH,"Asia / Singapore",2020/03/21
hCoV-19/Singapore/166/2020,EPI_ISL_462284,"B.1.p2 or B.1",GH,"Asia / Singapore",2020/03/18
hCoV-19/USA/ID-UW-4595/2020,EPI_ISL_461425,"B.1.p2 or B.1",GH,"North America / USA / Idaho",2020/03/30
hCoV-19/USA/ID-UW-4376/2020,EPI_ISL_461424,"B.1.p2 or B.1",GH,"North America / USA / Idaho",2020/03/27
hCoV-19/USA/ID-UW-4600/2020,EPI_ISL_460629,"B.1.p2 or B.1",GH,"North America / USA / Idaho",2020/03/29
hCoV-19/USA/ID-UW-4597/2020,EPI_ISL_460628,"B.1.p2 or B.1",GH,"North America / USA / Idaho",2020/03/30
hCoV-19/USA/ID-UW-4550/2020,EPI_ISL_460622,"B.1.p2 or B.1",GH,"North America / USA / Idaho",2020/03/29
hCoV-19/Canada/BC_18097749/2020,EPI_ISL_460615,"B.1.p2 or B.1",GH,"North America / Canada / British Columbia",2020/03/01
hCoV-19/Canada/BC_17045358/2020,EPI_ISL_460611,"B.1.p2 or B.1",GH,"North America / Canada / British Columbia",2020/03/01
hCoV-19/USA/MA-MGH-00648/2020,EPI_ISL_460386,"B.1.p2 or B.1",GH,"North America / USA / Massachusetts",2-APR-2020
hCoV-19/USA/MA-MGH-00664/2020,EPI_ISL_460307,"B.1.p2 or B.1",GH,"North America / USA / Massachusetts",4-APR-2020
hCoV-19/USA/MA-MGH-00489/2020,EPI_ISL_460306,"B.1.p2 or B.1",GH,"North America / USA / Massachusetts",2020/03/27
hCoV-19/USA/MA-MGH-00044/2020,EPI_ISL_460218,"B.1.p2 or B.1",GH,"North America / USA / Massachusetts",2020/03/25
hCoV-19/USA/MA-MGH-00032/2020,EPI_ISL_460206,"B.1.p2 or B.1",GH,"North America / USA / Massachusetts",2020/03/25
hCoV-19/USA/MA-MGH-00055/2020,EPI_ISL_460175,"B.1.p2 or B.1",GH,"North America / USA / Massachusetts",2020/03/25
hCoV-19/USA/MA-MGH-00567/2020,EPI_ISL_460166,"B.1.p2 or B.1",GH,"North America / USA / Massachusetts",2020/03/22
hCoV-19/USA/MA-MGH-00100/2020,EPI_ISL_460128,"B.1.p2 or B.1",GH,"North America / USA / Massachusetts",2020/03/25
hCoV-19/USA/MA-MGH-00065/2020,EPI_ISL_460126,"B.1.p2 or B.1",GH,"North America / USA / Massachusetts",2020/03/25
hCoV-19/USA/MA-MGH-00031/2020,EPI_ISL_460111,"B.1.p2 or B.1",GH,"North America / USA / Massachusetts",2020/03/25
hCoV-19/USA/MN-MDH-156/2020,EPI_ISL_460056,"B.1.p2 or B.1",GH,"North America / USA / Minnesota",2020/03/23
hCoV-19/USA/MN-MDH-152/2020,EPI_ISL_460055,"B.1.p2 or B.1",GH,"North America / USA / Minnesota",2020/03/23
hCoV-19/Canada/ON_QGLO-041/2020,EPI_ISL_459891,"B.1.p2 or B.1",GH,"North America / Canada / Ontario",2020/03/30
hCoV-19/USA/DC-HP00059/2020,EPI_ISL_457801,"B.1.p2 or B.1",GH,"North America / USA / Washington DC",2020/03/24
hCoV-19/USA/MD-HP00017/2020,EPI_ISL_457790,"B.1.p2 or B.1",GH,"North America / USA / Maryland",2020/03/20
hCoV-19/USA/MD-HP00156/2020,EPI_ISL_457785,"B.1.p2 or B.1",GH,"North America / USA / Maryland",2020/03/18
hCoV-19/Australia/VIC1731/2020,EPI_ISL_456630,B.4,O,"Oceania / Australia / Victoria",29-APR-2020
hCoV-19/Australia/VIC1730/2020,EPI_ISL_456629,B.4,O,"Oceania / Australia / Victoria",1-MAY-2020
hCoV-19/Australia/VIC1704/2020,EPI_ISL_456589,B.4,O,"Oceania / Australia / Victoria",2020/03/11
hCoV-19/Australia/VIC1703/2020,EPI_ISL_456588,B.4,O,"Oceania / Australia / Victoria",2020/03/09
hCoV-19/Australia/VIC1625/2020,EPI_ISL_456532,B.4,O,"Oceania / Australia / Victoria",13-MAY-2020
hCoV-19/Australia/VIC1604/2020,EPI_ISL_456516,B.4,O,"Oceania / Australia / Victoria",10-MAY-2020
hCoV-19/Australia/VIC1603/2020,EPI_ISL_456515,B.4,O,"Oceania / Australia / Victoria",11-MAY-2020
hCoV-19/Australia/VIC1568/2020,EPI_ISL_456491,B.4,O,"Oceania / Australia / Victoria",6-MAY-2020
hCoV-19/Australia/VIC1573/2020,EPI_ISL_456490,B.4,O,"Oceania / Australia / Victoria",7-MAY-2020
hCoV-19/Australia/VIC1567/2020,EPI_ISL_456487,B.4,O,"Oceania / Australia / Victoria",6-MAY-2020
hCoV-19/Australia/VIC1571/2020,EPI_ISL_456486,B.4,O,"Oceania / Australia / Victoria",7-MAY-2020
hCoV-19/Australia/VIC1503/2020,EPI_ISL_456465,B.4,O,"Oceania / Australia / Victoria",29-APR-2020
hCoV-19/Australia/VIC1467/2020,EPI_ISL_456451,B.4,O,"Oceania / Australia / Victoria",22-APR-2020
hCoV-19/Australia/VIC1473/2020,EPI_ISL_456450,B.4,O,"Oceania / Australia / Victoria",23-APR-2020
hCoV-19/Australia/VIC1463/2020,EPI_ISL_456445,B.4,O,"Oceania / Australia / Victoria",21-APR-2020
hCoV-19/Australia/VIC1413/2020,EPI_ISL_456434,B.4,O,"Oceania / Australia / Victoria",16-APR-2020
hCoV-19/Australia/VIC1400/2020,EPI_ISL_456433,"B.1.p2 or B.1",GH,"Oceania / Australia / Victoria",15-APR-2020
hCoV-19/Australia/VIC1399/2020,EPI_ISL_456432,"B.1.p2 or B.1",GH,"Oceania / Australia / Victoria",15-APR-2020
hCoV-19/Australia/VIC1359/2020,EPI_ISL_456410,B.4,O,"Oceania / Australia / Victoria",2020/03/26
"hCoV-19/New Zealand/20VR2917/2020",EPI_ISL_456390,"B.1.p2 or B.1",G,"Oceania / New Zealand / Auckland",25-APR-2020
"hCoV-19/New Zealand/20VR2097/2020",EPI_ISL_456376,"B.1.p2 or B.1",GH,"Oceania / New Zealand / Counties Manukau",5-APR-2020
"hCoV-19/New Zealand/20VR1899/2020",EPI_ISL_456300,"B.1.p2 or B.1",GH,"Oceania / New Zealand / Waikato",2020/03/31
"hCoV-19/New Zealand/20VR1274/2020",EPI_ISL_456199,"B.1.p2 or B.1",GH,"Oceania / New Zealand / Auckland",2020/03/21
hCoV-19/USA/LA-EVTL159/2020,EPI_ISL_456002,"B.1.p2 or B.1",GH,"North America/ USA/ Louisiana",1-APR-2020
hCoV-19/USA/LA-EVTL158/2020,EPI_ISL_456001,"B.1.p2 or B.1",GH,"North America/ USA/ Louisiana",1-APR-2020
hCoV-19/USA/LA-EVTL157/2020,EPI_ISL_456000,"B.1.p2 or B.1",GH,"North America/ USA/ Louisiana",1-APR-2020
hCoV-19/USA/LA-EVTL156/2020,EPI_ISL_455999,"B.1.p2 or B.1",GH,"North America/ USA/ Louisiana",1-APR-2020
hCoV-19/USA/LA-EVTL154/2020,EPI_ISL_455997,"B.1.p2 or B.1",GH,"North America/ USA/ Louisiana",1-APR-2020
hCoV-19/USA/LA-EVTL153/2020,EPI_ISL_455996,"B.1.p2 or B.1",GH,"North America/ USA/ Louisiana",1-APR-2020
hCoV-19/USA/LA-EVTL152/2020,EPI_ISL_455995,"B.1.p2 or B.1",GH,"North America/ USA/ Louisiana",1-APR-2020
hCoV-19/USA/LA-EVTL151/2020,EPI_ISL_455994,"B.1.p2 or B.1",GH,"North America/ USA/ Louisiana",1-APR-2020
hCoV-19/USA/LA-EVTL150/2020,EPI_ISL_455993,"B.1.p2 or B.1",GH,"North America/ USA/ Louisiana",2020/03/28
hCoV-19/USA/TX-EVTL149/2020,EPI_ISL_455992,"B.1.p2 or B.1",GH,"North America/ USA/ Texas",2020/03/27
hCoV-19/USA/LA-EVTL148/2020,EPI_ISL_455991,"B.1.p2 or B.1",GH,"North America/ USA/ Louisiana",2020/03/26
hCoV-19/USA/LA-EVTL147/2020,EPI_ISL_455990,"B.1.p2 or B.1",GH,"North America/ USA/ Louisiana",2020/03/25
hCoV-19/USA/LA-EVTL146/2020,EPI_ISL_455989,"B.1.p2 or B.1",GH,"North America/ USA/ Louisiana",2020/03/26
hCoV-19/USA/LA-EVTL145/2020,EPI_ISL_455988,"B.1.p2 or B.1",GH,"North America/ USA/ Louisiana",2020/03/25
hCoV-19/USA/LA-EVTL144/2020,EPI_ISL_455987,"B.1.p2 or B.1",GH,"North America/ USA/ Louisiana",2020/03/25
hCoV-19/USA/LA-EVTL143/2020,EPI_ISL_455986,"B.1.p2 or B.1",GH,"North America/ USA/ Louisiana",2020/03/25
hCoV-19/USA/LA-EVTL142/2020,EPI_ISL_455985,"B.1.p2 or B.1",GH,"North America/ USA/ Louisiana",2020/03/29
hCoV-19/USA/LA-EVTL141/2020,EPI_ISL_455984,"B.1.p2 or B.1",GH,"North America/ USA/ Louisiana",2020/03/30
hCoV-19/USA/LA-EVTL140/2020,EPI_ISL_455983,"B.1.p2 or B.1",GH,"North America/ USA/ Louisiana",2020/03/28
hCoV-19/USA/LA-EVTL139/2020,EPI_ISL_455982,"B.1.p2 or B.1",GH,"North America/ USA/ Louisiana",2020/03/28
hCoV-19/USA/LA-EVTL138/2020,EPI_ISL_455981,"B.1.p2 or B.1",GH,"North America/ USA/ Louisiana",2020/03/28
hCoV-19/USA/LA-EVTL137/2020,EPI_ISL_455980,"B.1.p2 or B.1",GH,"North America/ USA/ Louisiana",2020/03/28
hCoV-19/USA/LA-BIE-070/2020,EPI_ISL_455623,"B.1.p2 or B.1",GH,"North America / USA / Louisiana / Metairie",6-APR-2020
hCoV-19/USA/LA-BIE-069/2020,EPI_ISL_455622,"B.1.p2 or B.1",GH,"North America / USA / Louisiana / Avondale",7-APR-2020
hCoV-19/USA/LA-BIE-068/2020,EPI_ISL_455621,"B.1.p2 or B.1",GH,"North America / USA / Louisiana / Kenner",4-APR-2020
hCoV-19/USA/LA-BIE-066/2020,EPI_ISL_455620,"B.1.p2 or B.1",GH,"North America / USA / Louisiana / New Orleans",6-APR-2020
hCoV-19/USA/LA-BIE-065/2020,EPI_ISL_455619,"B.1.p2 or B.1",GH,"North America / USA / Louisiana / New Orleans",6-APR-2020
hCoV-19/USA/LA-BIE-064/2020,EPI_ISL_455618,"B.1.p2 or B.1",GH,"North America / USA / Louisiana / New Orleans",8-APR-2020
hCoV-19/USA/LA-BIE-063/2020,EPI_ISL_455617,"B.1.p2 or B.1",GH,"North America / USA / Louisiana / Slidell",3-APR-2020
hCoV-19/USA/LA-BIE-062/2020,EPI_ISL_455616,"B.1.p2 or B.1",GH,"North America / USA / Louisiana / Violet",7-APR-2020
hCoV-19/USA/LA-BIE-061/2020,EPI_ISL_455615,"B.1.p2 or B.1",GH,"North America / USA / Louisiana / Chalmette",6-APR-2020
hCoV-19/USA/LA-BIE-059/2020,EPI_ISL_455614,"B.1.p2 or B.1",GH,"North America / USA / Louisiana / Metairie",8-APR-2020
hCoV-19/USA/LA-BIE-058/2020,EPI_ISL_455613,"B.1.p2 or B.1",GH,"North America / USA / Louisiana / New Orleans",7-APR-2020
hCoV-19/USA/LA-BIE-056/2020,EPI_ISL_455612,"B.1.p2 or B.1",GH,"North America / USA / Louisiana / Marrero",7-APR-2020
hCoV-19/USA/LA-BIE-055/2020,EPI_ISL_455611,"B.1.p2 or B.1",GH,"North America / USA / Louisiana / Lacombe",6-APR-2020
hCoV-19/USA/LA-BIE-054/2020,EPI_ISL_455610,"B.1.p2 or B.1",GH,"North America / USA / Louisiana / New Orleans",7-APR-2020
hCoV-19/USA/LA-BIE-051/2020,EPI_ISL_455609,"B.1.p2 or B.1",GH,"North America / USA / Louisiana / Napoleonville",6-APR-2020
hCoV-19/USA/NC_200319/2020,EPI_ISL_454819,"B.1.p2 or B.1",GH,"North America / USA / North Carolina",2020/03/01
hCoV-19/USA/UT-02025/2020,EPI_ISL_454731,"B.1.p2 or B.1",GH,"North America / USA / Utah",17-APR-2020
hCoV-19/USA/UT-02024/2020,EPI_ISL_454730,"B.1.p2 or B.1",GH,"North America / USA / Utah",17-APR-2020
hCoV-19/USA/UT-02016/2020,EPI_ISL_454729,"B.1.p2 or B.1",GH,"North America / USA / Utah",16-APR-2020
hCoV-19/USA/UT-03950/2020,EPI_ISL_454728,"B.1.p2 or B.1",GH,"North America / USA / Utah",17-APR-2020
hCoV-19/USA/UT-02009/2020,EPI_ISL_454727,"B.1.p2 or B.1",GH,"North America / USA / Utah",16-APR-2020
hCoV-19/USA/PA-MGEL154/2020,EPI_ISL_454410,"B.1.p2 or B.1",GH,"North America / USA / Pennsylvania / Pittsburgh",5-APR-2020
hCoV-19/USA/VA-DCLS-0272/2020,EPI_ISL_452841,"B.1.p2 or B.1",GH,"North America / USA / Virginia",22-APR-2020
hCoV-19/USA/MI-MDHHS-SC20442/2020,EPI_ISL_452316,"B.1.p2 or B.1",GH,"North America / USA / Michigan",2020/03/14
hCoV-19/USA/MI-MDHHS-SC20431/2020,EPI_ISL_452305,"B.1.p2 or B.1",GH,"North America / USA / Michigan",2020/03/19
hCoV-19/USA/MI-MDHHS-SC20420/2020,EPI_ISL_452294,"B.1.p2 or B.1",GH,"North America / USA / Michigan",2020/03/16
hCoV-19/USA/UT-01967/2020,EPI_ISL_452164,"B.1.p2 or B.1",GH,"North America / USA / Utah",15-APR-2020
hCoV-19/USA/AZ-CDC-1911/2020,EPI_ISL_452118,"B.1.p2 or B.1",GH,"North America / USA / Arizona",2020/03/13
hCoV-19/USA/LA-CDC-0757/2020,EPI_ISL_452107,"B.1.p2 or B.1",GH,"North America / USA / Louisiana",2020/03/10
hCoV-19/USA/LA-CDC-0499/2020,EPI_ISL_452106,"B.1.p2 or B.1",GH,"North America / USA / Louisiana",2020/03/10
hCoV-19/USA/TX-CDC-3008/2020,EPI_ISL_452105,"B.1.p2 or B.1",GH,"North America / USA / Texas",2020/03/10
hCoV-19/USA/NY-NYUMC693/2020,EPI_ISL_451408,"B.1.p2 or B.1",GH,"North America / USA / New York / Nassau County",2020/03/21
hCoV-19/USA/LA-EVTL136/2020,EPI_ISL_451297,"B.1.p2 or B.1",GH,"North America / USA / Louisiana",7-MAY-2020
hCoV-19/USA/LA-EVTL135/2020,EPI_ISL_451296,"B.1.p2 or B.1",GH,"North America / USA / Louisiana",9-MAY-2020
hCoV-19/USA/LA-EVTL134/2020,EPI_ISL_451295,"B.1.p2 or B.1",GH,"North America / USA / Louisiana",6-MAY-2020
hCoV-19/USA/LA-EVTL133/2020,EPI_ISL_451294,"B.1.p2 or B.1",GH,"North America / USA / Louisiana",6-MAY-2020
hCoV-19/USA/LA-EVTL132/2020,EPI_ISL_451293,"B.1.p2 or B.1",GH,"North America / USA / Louisiana",6-MAY-2020
hCoV-19/USA/LA-EVTL131/2020,EPI_ISL_451292,"B.1.p2 or B.1",GH,"North America / USA / Louisiana",6-MAY-2020
hCoV-19/USA/LA-EVTL130/2020,EPI_ISL_451291,"B.1.p2 or B.1",GH,"North America / USA / Louisiana",6-MAY-2020
hCoV-19/USA/LA-EVTL129/2020,EPI_ISL_451290,"B.1.p2 or B.1",GH,"North America / USA / Louisiana",6-MAY-2020
hCoV-19/USA/LA-EVTL128/2020,EPI_ISL_451289,"B.1.p2 or B.1",GH,"North America / USA / Louisiana",6-MAY-2020
hCoV-19/USA/LA-EVTL127/2020,EPI_ISL_451288,"B.1.p2 or B.1",GH,"North America / USA / Louisiana",7-MAY-2020
hCoV-19/USA/LA-EVTL126/2020,EPI_ISL_451287,"B.1.p2 or B.1",GH,"North America / USA / Louisiana",7-MAY-2020
hCoV-19/USA/LA-EVTL125/2020,EPI_ISL_451286,"B.1.p2 or B.1",GH,"North America / USA / Louisiana",6-MAY-2020
hCoV-19/USA/LA-EVTL124/2020,EPI_ISL_451285,"B.1.p2 or B.1",GH,"North America / USA / Louisiana",6-MAY-2020
hCoV-19/USA/LA-EVTL123/2020,EPI_ISL_451284,"B.1.p2 or B.1",GH,"North America / USA / Louisiana",6-MAY-2020
hCoV-19/USA/LA-EVTL122/2020,EPI_ISL_451283,"B.1.p2 or B.1",GH,"North America / USA / Louisiana",6-MAY-2020
hCoV-19/USA/LA-EVTL121/2020,EPI_ISL_451282,"B.1.p2 or B.1",GH,"North America / USA / Louisiana",6-MAY-2020
hCoV-19/USA/LA-EVTL120/2020,EPI_ISL_451281,"B.1.p2 or B.1",GH,"North America / USA / Louisiana",7-MAY-2020
hCoV-19/USA/LA-EVTL119/2020,EPI_ISL_451280,"B.1.p2 or B.1",GH,"North America / USA / Louisiana",7-MAY-2020
hCoV-19/USA/LA-EVTL118/2020,EPI_ISL_451279,"B.1.p2 or B.1",GH,"North America / USA / Louisiana",6-MAY-2020
hCoV-19/USA/LA-EVTL117/2020,EPI_ISL_451278,"B.1.p2 or B.1",GH,"North America / USA / Louisiana",6-MAY-2020
hCoV-19/USA/LA-EVTL116/2020,EPI_ISL_451277,"B.1.p2 or B.1",GH,"North America / USA / Louisiana",6-MAY-2020
hCoV-19/USA/LA-EVTL115/2020,EPI_ISL_451276,"B.1.p2 or B.1",GH,"North America / USA / Louisiana",6-MAY-2020
hCoV-19/USA/LA-EVTL114/2020,EPI_ISL_451275,"B.1.p2 or B.1",GH,"North America / USA / Louisiana",7-MAY-2020
hCoV-19/USA/LA-EVTL113/2020,EPI_ISL_451274,"B.1.p2 or B.1",GH,"North America / USA / Louisiana",6-MAY-2020
hCoV-19/USA/LA-EVTL112/2020,EPI_ISL_451273,"B.1.p2 or B.1",GH,"North America / USA / Louisiana",8-MAY-2020
hCoV-19/USA/LA-EVTL111/2020,EPI_ISL_451272,"B.1.p2 or B.1",GH,"North America / USA / Louisiana",6-MAY-2020
hCoV-19/USA/LA-EVTL110/2020,EPI_ISL_451271,"B.1.p2 or B.1",GH,"North America / USA / Louisiana",6-MAY-2020
hCoV-19/USA/LA-EVTL109/2020,EPI_ISL_451270,"B.1.p2 or B.1",GH,"North America / USA / Louisiana",6-MAY-2020
hCoV-19/USA/LA-EVTL108/2020,EPI_ISL_451269,"B.1.p2 or B.1",GH,"North America / USA / Louisiana",6-MAY-2020
hCoV-19/USA/LA-EVTL107/2020,EPI_ISL_451268,"B.1.p2 or B.1",GH,"North America / USA / Louisiana",7-MAY-2020
hCoV-19/USA/LA-EVTL106/2020,EPI_ISL_451267,"B.1.p2 or B.1",GH,"North America / USA / Louisiana",7-MAY-2020
hCoV-19/USA/LA-EVTL105/2020,EPI_ISL_451266,"B.1.p2 or B.1",GH,"North America / USA / Louisiana",7-MAY-2020
hCoV-19/USA/LA-EVTL104/2020,EPI_ISL_451265,"B.1.p2 or B.1",GH,"North America / USA / Louisiana",6-MAY-2020
hCoV-19/USA/LA-EVTL103/2020,EPI_ISL_451264,"B.1.p2 or B.1",GH,"North America / USA / Louisiana",6-MAY-2020
hCoV-19/USA/LA-EVTL102/2020,EPI_ISL_451263,"B.1.p2 or B.1",GH,"North America / USA / Louisiana",6-MAY-2020
hCoV-19/USA/LA-EVTL101/2020,EPI_ISL_451262,"B.1.p2 or B.1",GH,"North America / USA / Louisiana",6-MAY-2020
hCoV-19/USA/LA-EVTL100/2020,EPI_ISL_451261,"B.1.p2 or B.1",GH,"North America / USA / Louisiana",6-MAY-2020
hCoV-19/USA/LA-EVTL099/2020,EPI_ISL_451260,"B.1.p2 or B.1",GH,"North America / USA / Louisiana",6-MAY-2020
hCoV-19/USA/LA-EVTL098/2020,EPI_ISL_451259,"B.1.p2 or B.1",GH,"North America / USA / Louisiana",8-MAY-2020
hCoV-19/USA/LA-EVTL097/2020,EPI_ISL_451258,"B.1.p2 or B.1",GH,"North America / USA / Louisiana",6-MAY-2020
hCoV-19/USA/LA-EVTL096/2020,EPI_ISL_451257,"B.1.p2 or B.1",GH,"North America / USA / Louisiana",6-MAY-2020
hCoV-19/USA/LA-EVTL095/2020,EPI_ISL_451256,"B.1.p2 or B.1",GH,"North America / USA / Louisiana",6-MAY-2020
hCoV-19/USA/LA-EVTL094/2020,EPI_ISL_451255,"B.1.p2 or B.1",GH,"North America / USA / Louisiana",6-MAY-2020
hCoV-19/USA/LA-EVTL092/2020,EPI_ISL_451253,"B.1.p2 or B.1",GH,"North America / USA / Louisiana",6-MAY-2020
hCoV-19/USA/LA-EVTL091/2020,EPI_ISL_451252,"B.1.p2 or B.1",GH,"North America / USA / Louisiana",7-MAY-2020
hCoV-19/USA/LA-EVTL088/2020,EPI_ISL_451249,"B.1.p2 or B.1",GH,"North America / USA / Louisiana",8-MAY-2020
hCoV-19/USA/LA-EVTL087/2020,EPI_ISL_451248,"B.1.p2 or B.1",GH,"North America / USA / Louisiana",7-MAY-2020
hCoV-19/USA/LA-EVTL086/2020,EPI_ISL_451247,"B.1.p2 or B.1",GH,"North America / USA / Louisiana",4-MAY-2020
hCoV-19/USA/LA-EVTL085/2020,EPI_ISL_451246,"B.1.p2 or B.1",GH,"North America / USA / Louisiana",4-MAY-2020
hCoV-19/USA/LA-EVTL084/2020,EPI_ISL_451245,"B.1.p2 or B.1",GH,"North America / USA / Louisiana",6-MAY-2020
hCoV-19/USA/LA-EVTL083/2020,EPI_ISL_451244,"B.1.p2 or B.1",GH,"North America / USA / Louisiana",7-MAY-2020
hCoV-19/USA/LA-EVTL082/2020,EPI_ISL_451243,"B.1.p2 or B.1",GH,"North America / USA / Louisiana",7-MAY-2020
hCoV-19/USA/LA-EVTL081/2020,EPI_ISL_451242,"B.1.p2 or B.1",GH,"North America / USA / Louisiana",8-MAY-2020
hCoV-19/USA/LA-EVTL080/2020,EPI_ISL_451241,"B.1.p2 or B.1",GH,"North America / USA / Louisiana",1-MAY-2020
hCoV-19/USA/LA-EVTL079/2020,EPI_ISL_451240,"B.1.p2 or B.1",GH,"North America / USA / Louisiana",1-MAY-2020
hCoV-19/USA/LA-EVTL078/2020,EPI_ISL_451239,"B.1.p2 or B.1",GH,"North America / USA / Louisiana",4-MAY-2020
hCoV-19/USA/LA-EVTL077/2020,EPI_ISL_451238,"B.1.p2 or B.1",GH,"North America / USA / Louisiana",8-MAY-2020
hCoV-19/USA/LA-EVTL076/2020,EPI_ISL_451237,"B.1.p2 or B.1",GH,"North America / USA / Louisiana",8-MAY-2020
hCoV-19/USA/LA-EVTL075/2020,EPI_ISL_451236,"B.1.p2 or B.1",GH,"North America / USA / Louisiana",4-MAY-2020
hCoV-19/USA/LA-EVTL074/2020,EPI_ISL_451235,"B.1.p2 or B.1",GH,"North America / USA / Louisiana",4-MAY-2020
hCoV-19/USA/LA-EVTL073/2020,EPI_ISL_451234,"B.1.p2 or B.1",GH,"North America / USA / Louisiana",4-MAY-2020
hCoV-19/USA/LA-EVTL072/2020,EPI_ISL_451233,"B.1.p2 or B.1",GH,"North America / USA / Louisiana",4-MAY-2020
hCoV-19/USA/LA-EVTL071/2020,EPI_ISL_451232,"B.1.p2 or B.1",GH,"North America / USA / Louisiana",4-MAY-2020
hCoV-19/USA/LA-EVTL070/2020,EPI_ISL_451231,"B.1.p2 or B.1",GH,"North America / USA / Louisiana",4-MAY-2020
hCoV-19/USA/LA-EVTL069/2020,EPI_ISL_451230,"B.1.p2 or B.1",GH,"North America / USA / Louisiana",30-APR-2020
hCoV-19/USA/LA-EVTL068/2020,EPI_ISL_451229,"B.1.p2 or B.1",GH,"North America / USA / Louisiana",29-APR-2020
hCoV-19/USA/LA-EVTL067/2020,EPI_ISL_451228,"B.1.p2 or B.1",GH,"North America / USA / Louisiana",29-APR-2020
hCoV-19/USA/LA-EVTL066/2020,EPI_ISL_451227,"B.1.p2 or B.1",GH,"North America / USA / Louisiana",2-MAY-2020
hCoV-19/USA/LA-EVTL065/2020,EPI_ISL_451226,"B.1.p2 or B.1",GH,"North America / USA / Louisiana",2-MAY-2020
hCoV-19/USA/LA-EVTL064/2020,EPI_ISL_451225,"B.1.p2 or B.1",GH,"North America / USA / Louisiana",30-APR-2020
hCoV-19/USA/LA-EVTL063/2020,EPI_ISL_451224,"B.1.p2 or B.1",GH,"North America / USA / Louisiana",29-APR-2020
hCoV-19/USA/LA-EVTL062/2020,EPI_ISL_451223,"B.1.p2 or B.1",GH,"North America / USA / Louisiana",29-APR-2020
hCoV-19/USA/LA-EVTL061/2020,EPI_ISL_451222,"B.1.p2 or B.1",GH,"North America / USA / Louisiana",28-APR-2020
hCoV-19/USA/LA-EVTL060/2020,EPI_ISL_451221,"B.1.p2 or B.1",GH,"North America / USA / Louisiana",24-APR-2020
hCoV-19/USA/LA-EVTL059/2020,EPI_ISL_451220,"B.1.p2 or B.1",GH,"North America / USA / Louisiana",27-APR-2020
hCoV-19/USA/LA-EVTL058/2020,EPI_ISL_451219,"B.1.p2 or B.1",GH,"North America / USA / Louisiana",27-APR-2020
hCoV-19/USA/LA-EVTL057/2020,EPI_ISL_451218,"B.1.p2 or B.1",GH,"North America / USA / Louisiana",27-APR-2020
hCoV-19/USA/LA-EVTL056/2020,EPI_ISL_451217,"B.1.p2 or B.1",GH,"North America / USA / Louisiana",2-MAY-2020
hCoV-19/USA/LA-EVTL055/2020,EPI_ISL_451216,"B.1.p2 or B.1",GH,"North America / USA / Louisiana",27-APR-2020
hCoV-19/USA/LA-EVTL054/2020,EPI_ISL_451215,"B.1.p2 or B.1",GH,"North America / USA / Louisiana",24-APR-2020
hCoV-19/USA/LA-EVTL053/2020,EPI_ISL_451214,"B.1.p2 or B.1",GH,"North America / USA / Louisiana",27-APR-2020
hCoV-19/USA/LA-EVTL052/2020,EPI_ISL_451213,"B.1.p2 or B.1",GH,"North America / USA / Louisiana",2-MAY-2020
hCoV-19/USA/LA-EVTL050/2020,EPI_ISL_451211,"B.1.p2 or B.1",GH,"North America / USA / Louisiana",7-MAY-2020
hCoV-19/USA/LA-EVTL049/2020,EPI_ISL_451210,"B.1.p2 or B.1",GH,"North America / USA / Louisiana",1-MAY-2020
hCoV-19/USA/LA-EVTL048/2020,EPI_ISL_451209,"B.1.p2 or B.1",GH,"North America / USA / Louisiana",1-MAY-2020
hCoV-19/USA/LA-EVTL047/2020,EPI_ISL_451208,"B.1.p2 or B.1",GH,"North America / USA / Louisiana",1-MAY-2020
hCoV-19/USA/LA-EVTL046/2020,EPI_ISL_451207,"B.1.p2 or B.1",GH,"North America / USA / Louisiana",1-MAY-2020
hCoV-19/USA/LA-EVTL045/2020,EPI_ISL_451206,"B.1.p2 or B.1",GH,"North America / USA / Louisiana",1-MAY-2020
hCoV-19/USA/LA-EVTL044/2020,EPI_ISL_451205,"B.1.p2 or B.1",GH,"North America / USA / Louisiana",1-MAY-2020
hCoV-19/USA/LA-EVTL043/2020,EPI_ISL_451204,"B.1.p2 or B.1",GH,"North America / USA / Louisiana",23-APR-2020
hCoV-19/USA/LA-EVTL042/2020,EPI_ISL_451203,"B.1.p2 or B.1",GH,"North America / USA / Louisiana",2-MAY-2020
hCoV-19/USA/FL-BPHL-0116/2020,EPI_ISL_450850,"B.1.p2 or B.1",GH,"North America / USA / Florida",9-APR-2020
hCoV-19/USA/VI-CDC-3884/2020,EPI_ISL_450805,"B.1.p2 or B.1",GH,"North America / USA / Virgin Islands",6-APR-2020
hCoV-19/USA/GA-CDC-4518/2020,EPI_ISL_450801,"B.1.p2 or B.1",GH,"North America/ USA / Georgia",2-APR-2020
hCoV-19/USA/MN-MDH-295/2020,EPI_ISL_450763,"B.1.p2 or B.1",GH,"North America / USA / Minnesota",2020/03/26
hCoV-19/USA/MN-MDH-283/2020,EPI_ISL_450754,"B.1.p2 or B.1",GH,"North America / USA / Minnesota",2020/03/30
hCoV-19/USA/WI-UW-356/2020,EPI_ISL_450710,"B.1.p2 or B.1",GH,"North America / USA / Wisconsin / Mount Horeb",14-APR-2020
hCoV-19/USA/IL-UW-355/2020,EPI_ISL_450709,"B.1.p2 or B.1",GH,"North America / USA / Illinois",17-APR-2020
hCoV-19/USA/LA-SR0308/2020,EPI_ISL_450231,"B.1.p2 or B.1",GH,"North America / USA / Louisiana / New Orleans",2020/03/31
hCoV-19/USA/LA-SR0332/2020,EPI_ISL_450185,"B.1.p2 or B.1",GH,"North America / USA / Louisiana / New Orleans",4-APR-2020
hCoV-19/USA/LA-SR0331/2020,EPI_ISL_450184,"B.1.p2 or B.1",GH,"North America / USA / Louisiana / New Orleans",4-APR-2020
hCoV-19/USA/LA-SR0330/2020,EPI_ISL_450183,"B.1.p2 or B.1",GH,"North America / USA / Louisiana / New Orleans",4-APR-2020
hCoV-19/USA/LA-SR0329/2020,EPI_ISL_450182,"B.1.p2 or B.1",GH,"North America / USA / Louisiana / New Orleans",4-APR-2020
hCoV-19/USA/LA-SR0328/2020,EPI_ISL_450181,"B.1.p2 or B.1",GH,"North America / USA / Louisiana / New Orleans",4-APR-2020
hCoV-19/USA/LA-SR0327/2020,EPI_ISL_450180,"B.1.p2 or B.1",GH,"North America / USA / Louisiana / New Orleans",8-APR-2020
hCoV-19/USA/LA-SR0324/2020,EPI_ISL_450178,"B.1.p2 or B.1",GH,"North America / USA / Louisiana / New Orleans",5-APR-2020
hCoV-19/USA/LA-SR0323/2020,EPI_ISL_450177,"B.1.p2 or B.1",GH,"North America / USA / Louisiana / New Orleans",7-APR-2020
hCoV-19/USA/LA-SR0322/2020,EPI_ISL_450176,"B.1.p2 or B.1",GH,"North America / USA / Louisiana / New Orleans",6-APR-2020
hCoV-19/USA/LA-SR0320/2020,EPI_ISL_450175,"B.1.p2 or B.1",GH,"North America / USA / Louisiana / New Orleans",4-APR-2020
hCoV-19/USA/LA-SR0319/2020,EPI_ISL_450174,"B.1.p2 or B.1",GH,"North America / USA / Louisiana / New Orleans",4-APR-2020
hCoV-19/USA/LA-SR0318/2020,EPI_ISL_450173,"B.1.p2 or B.1",GH,"North America / USA / Louisiana / New Orleans",4-APR-2020
hCoV-19/USA/NY-PV09428/2020,EPI_ISL_450105,"B.1.p2 or B.1",GH,"North America / USA / New York / Queens",2020/03/13
hCoV-19/USA/NY-PV09355/2020,EPI_ISL_450043,"B.1.p2 or B.1",GH,"North America / USA / New York / Queens",2020/03/16
hCoV-19/USA/WA-S828/2020,EPI_ISL_449998,"B.1.p2 or B.1",GH,"North America / USA / Washington / Snohomish County",16-APR-2020
hCoV-19/USA/WA-S819/2020,EPI_ISL_449989,"B.1.p2 or B.1",GH,"North America / USA / Washington / Asotin County",15-APR-2020
hCoV-19/USA/WA-S753/2020,EPI_ISL_449923,"B.1.p2 or B.1",GH,"North America / USA / Washington / Asotin County",13-APR-2020
hCoV-19/USA/WA-S752/2020,EPI_ISL_449922,"B.1.p2 or B.1",GH,"North America / USA / Washington / Asotin County",13-APR-2020
hCoV-19/USA/WA-S751/2020,EPI_ISL_449921,"B.1.p2 or B.1",GH,"North America / USA / Washington / Asotin County",11-APR-2020
hCoV-19/USA/WA-S684/2020,EPI_ISL_449854,"B.1.p2 or B.1",GH,"North America / USA / Washington / Asotin County",11-APR-2020
hCoV-19/USA/UT-01607/2020,EPI_ISL_449837,"B.1.p2 or B.1",GH,"North America / USA / Utah",6-APR-2020
hCoV-19/USA/UT-01602/2020,EPI_ISL_449836,"B.1.p2 or B.1",GH,"North America / USA / Utah",5-APR-2020
hCoV-19/USA/UT-01601/2020,EPI_ISL_449835,"B.1.p2 or B.1",GH,"North America / USA / Utah",6-APR-2020
hCoV-19/USA/UT-01579/2020,EPI_ISL_449825,"B.1.p2 or B.1",GH,"North America / USA / Utah",7-APR-2020
hCoV-19/USA/UT-01573/2020,EPI_ISL_449822,"B.1.p2 or B.1",GH,"North America / USA / Utah",7-APR-2020
hCoV-19/USA/UT-01562/2020,EPI_ISL_449816,"B.1.p2 or B.1",GH,"North America / USA / Utah",7-APR-2020
hCoV-19/USA/UT-00361/2020,EPI_ISL_449810,"B.1.p2 or B.1",GH,"North America / USA / Utah",2020/03/30
hCoV-19/USA/UT-00350/2020,EPI_ISL_449807,"B.1.p2 or B.1",GH,"North America / USA / Utah",2020/03/26
hCoV-19/USA/UT-00349/2020,EPI_ISL_449806,"B.1.p2 or B.1",GH,"North America / USA / Utah",2020/03/26
hCoV-19/USA/UT-00352/2020,EPI_ISL_449805,"B.1.p2 or B.1",GH,"North America / USA / Utah",2020/03/27
hCoV-19/USA/UT-00303/2020,EPI_ISL_449802,"B.1.p2 or B.1",GH,"North America / USA / Utah",2020/03/26
hCoV-19/USA/UT-00301/2020,EPI_ISL_449801,"B.1.p2 or B.1",GH,"North America / USA / Utah",2020/03/26
hCoV-19/USA/CA-CZB-1144/2020,EPI_ISL_447895,"B.1.p2 or B.1",GH,"North America / USA / California / Davis",8-APR-2020
hCoV-19/USA/CA-CZB-1143/2020,EPI_ISL_447894,"B.1.p2 or B.1",GH,"North America / USA / California / Davis",6-APR-2020
hCoV-19/USA/CA-CZB-1142/2020,EPI_ISL_447893,"B.1.p2 or B.1",GH,"North America / USA / California / Davis",3-APR-2020
hCoV-19/USA/CA-CZB-1141/2020,EPI_ISL_447892,"B.1.p2 or B.1",GH,"North America / USA / California / Davis",4-APR-2020
hCoV-19/USA/CA-CZB-1140/2020,EPI_ISL_447891,"B.1.p2 or B.1",GH,"North America / USA / California / Davis",1-APR-2020
hCoV-19/USA/CA-CZB-1139/2020,EPI_ISL_447890,"B.1.p2 or B.1",GH,"North America / USA / California / Davis",2-APR-2020
hCoV-19/USA/CA-CZB-1138/2020,EPI_ISL_447889,"B.1.p2 or B.1",GH,"North America / USA / California / Davis",1-APR-2020
hCoV-19/USA/CA-CZB-1137/2020,EPI_ISL_447888,"B.1.p2 or B.1",GH,"North America / USA / California / Davis",2020/03/25
hCoV-19/USA/CA-CZB-1136/2020,EPI_ISL_447887,"B.1.p2 or B.1",GH,"North America / USA / California / Davis",2020/03/27
hCoV-19/USA/FL-UF5/2020,EPI_ISL_447589,"B.1.p2 or B.1",GH,"North America / USA / Florida",2020/03/27
hCoV-19/USA/FL-UF4/2020,EPI_ISL_447588,"B.1.p2 or B.1",GH,"North America / USA / Florida",2020/03/27
hCoV-19/USA/MI-MDHHS-SC20319/2020,EPI_ISL_447116,"B.1.p2 or B.1",GH,"North America / USA / Michigan",2020/03/13
hCoV-19/USA/MI-MDHHS-SC20290/2020,EPI_ISL_447087,"B.1.p2 or B.1",GH,"North America / USA / Michigan",2020/03/28
hCoV-19/USA/CA-CZB-1133/2020,EPI_ISL_445181,"B.1.p2 or B.1",GH,"North America / USA / California / San Francisco",8-APR-2020
hCoV-19/USA/LA-SR0309/2020,EPI_ISL_445163,"B.1.p2 or B.1",GH,"North America / USA / Louisiana / New Orleans",8-APR-2020
hCoV-19/USA/LA-SR0307/2020,EPI_ISL_445162,"B.1.p2 or B.1",GH,"North America / USA / Louisiana / New Orleans",2-APR-2020
hCoV-19/USA/LA-SR0306/2020,EPI_ISL_445161,"B.1.p2 or B.1",GH,"North America / USA / Louisiana / New Orleans",7-APR-2020
hCoV-19/USA/LA-SR0305/2020,EPI_ISL_445160,"B.1.p2 or B.1",GH,"North America / USA / Louisiana / New Orleans",7-APR-2020
hCoV-19/USA/LA-SR0304/2020,EPI_ISL_445159,"B.1.p2 or B.1",GH,"North America / USA / Louisiana / New Orleans",7-APR-2020
hCoV-19/USA/LA-SR0302/2020,EPI_ISL_445157,"B.1.p2 or B.1",GH,"North America / USA / Louisiana / New Orleans",8-APR-2020
hCoV-19/USA/LA-SR0301/2020,EPI_ISL_445156,"B.1.p2 or B.1",GH,"North America / USA / Louisiana / New Orleans",8-APR-2020
hCoV-19/USA/LA-SR0300/2020,EPI_ISL_445155,"B.1.p2 or B.1",GH,"North America / USA / Louisiana / New Orleans",9-APR-2020
hCoV-19/USA/LA-SR0299/2020,EPI_ISL_445154,"B.1.p2 or B.1",GH,"North America / USA / Louisiana / New Orleans",7-APR-2020
hCoV-19/USA/LA-SR0298/2020,EPI_ISL_445153,"B.1.p2 or B.1",GH,"North America / USA / Louisiana / New Orleans",8-APR-2020
hCoV-19/USA/LA-SR0297/2020,EPI_ISL_445152,"B.1.p2 or B.1",GH,"North America / USA / Louisiana / New Orleans",8-APR-2020
hCoV-19/USA/LA-SR0296/2020,EPI_ISL_445151,"B.1.p2 or B.1",GH,"North America / USA / Louisiana / New Orleans",7-APR-2020
hCoV-19/USA/LA-SR0295/2020,EPI_ISL_445150,"B.1.p2 or B.1",GH,"North America / USA / Louisiana / New Orleans",8-APR-2020
hCoV-19/USA/LA-SR0294/2020,EPI_ISL_445149,"B.1.p2 or B.1",GH,"North America / USA / Louisiana / New Orleans",8-APR-2020
hCoV-19/USA/LA-SR0293/2020,EPI_ISL_445148,"B.1.p2 or B.1",GH,"North America / USA / Louisiana / New Orleans",7-APR-2020
hCoV-19/USA/LA-SR0292/2020,EPI_ISL_445147,"B.1.p2 or B.1",GH,"North America / USA / Louisiana / New Orleans",7-APR-2020
hCoV-19/USA/LA-SR0291/2020,EPI_ISL_445146,"B.1.p2 or B.1",GH,"North America / USA / Louisiana / New Orleans",2-APR-2020
hCoV-19/USA/LA-SR0290/2020,EPI_ISL_445145,"B.1.p2 or B.1",GH,"North America / USA / Louisiana / New Orleans",1-APR-2020
hCoV-19/USA/LA-SR0289/2020,EPI_ISL_445144,"B.1.p2 or B.1",GH,"North America / USA / Louisiana / New Orleans",2020/03/31
hCoV-19/USA/LA-SR0288/2020,EPI_ISL_445143,"B.1.p2 or B.1",GH,"North America / USA / Louisiana / New Orleans",1-APR-2020
hCoV-19/USA/LA-SR0287/2020,EPI_ISL_445142,"B.1.p2 or B.1",GH,"North America / USA / Louisiana / New Orleans",1-APR-2020
hCoV-19/USA/LA-SR0286/2020,EPI_ISL_445141,"B.1.p2 or B.1",GH,"North America / USA / Louisiana / New Orleans",2020/03/31
hCoV-19/USA/LA-SR0285/2020,EPI_ISL_445140,"B.1.p2 or B.1",GH,"North America / USA / Louisiana / New Orleans",1-APR-2020
hCoV-19/USA/LA-SR0284/2020,EPI_ISL_445139,"B.1.p2 or B.1",GH,"North America / USA / Louisiana / New Orleans",1-APR-2020
hCoV-19/USA/LA-SR0283/2020,EPI_ISL_445138,"B.1.p2 or B.1",GH,"North America / USA / Louisiana / New Orleans",2020/03/31
hCoV-19/USA/LA-SR0282/2020,EPI_ISL_445137,"B.1.p2 or B.1",GH,"North America / USA / Louisiana / New Orleans",1-APR-2020
hCoV-19/USA/LA-SR0281/2020,EPI_ISL_445136,"B.1.p2 or B.1",GH,"North America / USA / Louisiana / New Orleans",2020/03/31
hCoV-19/USA/LA-SR0280/2020,EPI_ISL_445135,"B.1.p2 or B.1",GH,"North America / USA / Louisiana / New Orleans",1-APR-2020
hCoV-19/USA/LA-SR0279/2020,EPI_ISL_445134,"B.1.p2 or B.1",GH,"North America / USA / Louisiana / New Orleans",2020/03/31
hCoV-19/USA/LA-SR0278/2020,EPI_ISL_445133,"B.1.p2 or B.1",GH,"North America / USA / Louisiana / New Orleans",1-APR-2020
hCoV-19/USA/LA-SR0277/2020,EPI_ISL_445132,"B.1.p2 or B.1",GH,"North America / USA / Louisiana / New Orleans",2-APR-2020
hCoV-19/USA/LA-SR0276/2020,EPI_ISL_445131,"B.1.p2 or B.1",GH,"North America / USA / Louisiana / New Orleans",2020/03/31
hCoV-19/USA/LA-SR0275/2020,EPI_ISL_445130,"B.1.p2 or B.1",GH,"North America / USA / Louisiana / New Orleans",2020/03/31
hCoV-19/USA/LA-SR0274/2020,EPI_ISL_445129,"B.1.p2 or B.1",GH,"North America / USA / Louisiana / New Orleans",2-APR-2020
hCoV-19/USA/LA-SR0273/2020,EPI_ISL_445128,"B.1.p2 or B.1",GH,"North America / USA / Louisiana / New Orleans",1-APR-2020
hCoV-19/USA/LA-SR0272/2020,EPI_ISL_445127,"B.1.p2 or B.1",GH,"North America / USA / Louisiana / New Orleans",1-APR-2020
hCoV-19/USA/LA-SR0271/2020,EPI_ISL_445126,"B.1.p2 or B.1",GH,"North America / USA / Louisiana / New Orleans",2020/03/31
hCoV-19/USA/LA-SR0270/2020,EPI_ISL_445125,"B.1.p2 or B.1",GH,"North America / USA / Louisiana / New Orleans",1-APR-2020
hCoV-19/USA/LA-SR0269/2020,EPI_ISL_445124,"B.1.p2 or B.1",GH,"North America / USA / Louisiana / New Orleans",2-APR-2020
hCoV-19/USA/LA-SR0268/2020,EPI_ISL_445123,"B.1.p2 or B.1",GH,"North America / USA / Louisiana / New Orleans",1-APR-2020
hCoV-19/USA/LA-SR0267/2020,EPI_ISL_445122,"B.1.p2 or B.1",GH,"North America / USA / Louisiana / New Orleans",2020/03/31
hCoV-19/USA/LA-SR0266/2020,EPI_ISL_445121,"B.1.p2 or B.1",GH,"North America / USA / Louisiana / New Orleans",2020/03/31
hCoV-19/USA/LA-SR0265/2020,EPI_ISL_445120,"B.1.p2 or B.1",GH,"North America / USA / Louisiana / New Orleans",2-APR-2020
hCoV-19/USA/TX_GCID_192000124/2020,EPI_ISL_445083,"B.1.p2 or B.1",GH,"North America / USA / Texas / Houston",2020/03/24
hCoV-19/USA/TX_GCID_192000021/2020,EPI_ISL_445078,"B.1.p2 or B.1",GH,"North America / USA / Texas / Houston",2020/03/20
hCoV-19/Australia/QLDID939/2020,EPI_ISL_444793,"B.1.p2 or B.1",GH,"Oceania / Australia / Queensland / Northern Queensland",2020/03/24
hCoV-19/USA/NY-NYUMC582/2020,EPI_ISL_444699,"B.1.p2 or B.1",GH,"North America / USA / New York / Nassau County",2020/03/30
hCoV-19/USA/IL-NM0122/2020,EPI_ISL_444605,"B.1.p2 or B.1",GH,"North America / USA / Illinois / Chicago",2020/03/21
hCoV-19/USA/IL-NM089/2020,EPI_ISL_444579,"B.1.p2 or B.1",GH,"North America / USA / Illinois / Chicago",2020/03/19
hCoV-19/USA/IL-NM049/2020,EPI_ISL_444546,"B.1.p2 or B.1",GH,"North America / USA / Illinois / Chicago",2020/03/14
hCoV-19/USA/IL-NM010/2020,EPI_ISL_444523,"B.1.p2 or B.1",GH,"North America / USA / Illinois / Chicago",2020/03/17
hCoV-19/USA/IL-NM06/2020,EPI_ISL_444520,"B.1.p2 or B.1",GH,"North America / USA / Illinois / Chicago",2020/03/17
hCoV-19/USA/MD-HP00082/2020,EPI_ISL_438238,B.1.p2,GH,"North America / USA / Maryland",2020/03/08
hCoV-19/USA/WA-S651/2020,EPI_ISL_438204,B.1.p2,GH,"North America / USA / Washington / Asotin County",20-APR-2020
hCoV-19/USA/ID-UW-6473/2020,EPI_ISL_437838,B.1.p2,GH,"North America / USA / Idaho",2-APR-2020
hCoV-19/USA/ID-UW-6472/2020,EPI_ISL_437837,B.1.p2,GH,"North America / USA / Idaho",2-APR-2020
hCoV-19/USA/ID-UW-6467/2020,EPI_ISL_437836,B.1.p2,GH,"North America / USA / Idaho",2-APR-2020
hCoV-19/USA/ID-UW-6466/2020,EPI_ISL_437835,B.1.p2,GH,"North America / USA / Idaho",2-APR-2020
hCoV-19/USA/ID-UW-6463/2020,EPI_ISL_437834,B.1.p2,GH,"North America / USA / Idaho",2-APR-2020
hCoV-19/USA/ID-UW-6457/2020,EPI_ISL_437833,B.1.p2,GH,"North America / USA / Idaho",3-APR-2020
hCoV-19/USA/ID-UW-6455/2020,EPI_ISL_437832,B.1.p2,G,"North America / USA / Idaho",2-APR-2020
hCoV-19/USA/ID-UW-6448/2020,EPI_ISL_437831,B.1.p2,GH,"North America / USA / Idaho",2-APR-2020
hCoV-19/USA/ID-UW-6446/2020,EPI_ISL_437830,B.1.p2,GH,"North America / USA / Idaho",2-APR-2020
hCoV-19/USA/ID-UW-4308/2020,EPI_ISL_437828,B.1.p2,GH,"North America / USA / Idaho",2020/03/30
hCoV-19/USA/ID-UW-4254/2020,EPI_ISL_437826,B.1.p2,GH,"North America / USA / Idaho",2020/03/30
hCoV-19/USA/VA-DCLS-0129/2020,EPI_ISL_437768,B.1.p2,GH,"North America / USA / Virginia",9-APR-2020
hCoV-19/USA/VA-DCLS-0128/2020,EPI_ISL_437767,B.1.p2,GH,"North America / USA / Virginia",10-APR-2020
hCoV-19/USA/VA-DCLS-0127/2020,EPI_ISL_437766,B.1.p2,GH,"North America / USA / Virginia",13-APR-2020
hCoV-19/USA/VA-DCLS-0126/2020,EPI_ISL_437765,B.1.p2,GH,"North America / USA / Virginia",13-APR-2020
hCoV-19/USA/LA-SR0206/2020,EPI_ISL_437548,B.1.p2,GH,"North America / USA / Louisiana / New Orleans",2020/03/31
hCoV-19/USA/LA-SR0207/2020,EPI_ISL_437547,B.1.p2,GH,"North America / USA / Louisiana / New Orleans",2020/03/31
hCoV-19/USA/LA-SR0209/2020,EPI_ISL_437546,B.1.p2,GH,"North America / USA / Louisiana / New Orleans",2020/03/27
hCoV-19/USA/LA-SR0210/2020,EPI_ISL_437545,B.1.p2,GH,"North America / USA / Louisiana / New Orleans",2020/03/29
hCoV-19/USA/LA-SR0212/2020,EPI_ISL_437544,B.1.p2,GH,"North America / USA / Louisiana / New Orleans",2-APR-2020
hCoV-19/USA/LA-SR0213/2020,EPI_ISL_437543,B.1.p2,GH,"North America / USA / Louisiana / New Orleans",8-APR-2020
hCoV-19/USA/LA-SR0214/2020,EPI_ISL_437542,B.1.p2,GH,"North America / USA / Louisiana / New Orleans",3-APR-2020
hCoV-19/USA/LA-SR0215/2020,EPI_ISL_437541,B.1.p2,GH,"North America / USA / Louisiana / New Orleans",3-APR-2020
hCoV-19/USA/LA-SR069/2020,EPI_ISL_437540,B.1.p2,GH,"North America / USA / Louisiana / New Orleans",12-APR-2020
hCoV-19/USA/AK-PHL122/2020,EPI_ISL_437516,B.1.p2,GH,"North America / USA / Alaska / Anchorage",2020/03/24
hCoV-19/USA/MN-MDH-513/2020,EPI_ISL_437378,B.1.p2,GH,"North America / USA / Minnesota",13-APR-2020
hCoV-19/USA/MI-MDHHS-SC20071/2020,EPI_ISL_437158,B.1.p2,GH,"North America / USA / Michigan",2020/03/21
hCoV-19/USA/MI-MDHHS-SC20040/2020,EPI_ISL_437127,B.1.p2,GH,"North America / USA / Michigan",2020/03/19
hCoV-19/USA/MI-MDHHS-SC20020/2020,EPI_ISL_437107,B.1.p2,GH,"North America / USA / Michigan",2020/03/13
hCoV-19/USA/LA-BIE-094/2020,EPI_ISL_436961,"B.1.p2 or B.1",GH,"North America / USA / Louisiana",6-APR-2020
hCoV-19/USA/LA-BIE-093/2020,EPI_ISL_436960,"B.1.p2 or B.1",GH,"North America / USA / Louisiana",5-APR-2020
hCoV-19/USA/LA-BIE-092/2020,EPI_ISL_436959,"B.1.p2 or B.1",GH,"North America / USA / Louisiana",5-APR-2020
hCoV-19/USA/LA-BIE-090/2020,EPI_ISL_436958,"B.1.p2 or B.1",GH,"North America / USA / Louisiana",6-APR-2020
hCoV-19/USA/LA-BIE-089/2020,EPI_ISL_436957,"B.1.p2 or B.1",GH,"North America / USA / Louisiana",6-APR-2020
hCoV-19/USA/LA-BIE-088/2020,EPI_ISL_436956,"B.1.p2 or B.1",GH,"North America / USA / Louisiana",3-APR-2020
hCoV-19/USA/LA-BIE-087/2020,EPI_ISL_436955,"B.1.p2 or B.1",GH,"North America / USA / Louisiana",8-APR-2020
hCoV-19/USA/LA-BIE-086/2020,EPI_ISL_436954,"B.1.p2 or B.1",GH,"North America / USA / Louisiana",9-APR-2020
hCoV-19/USA/LA-BIE-085/2020,EPI_ISL_436953,"B.1.p2 or B.1",GH,"North America / USA / Louisiana",6-APR-2020
hCoV-19/USA/LA-BIE-084/2020,EPI_ISL_436952,"B.1.p2 or B.1",GH,"North America / USA / Louisiana",6-APR-2020
hCoV-19/USA/LA-BIE-082/2020,EPI_ISL_436950,"B.1.p2 or B.1",GH,"North America / USA / Louisiana",6-APR-2020
hCoV-19/USA/LA-BIE-081/2020,EPI_ISL_436949,"B.1.p2 or B.1",GH,"North America / USA / Louisiana",4-APR-2020
hCoV-19/USA/LA-BIE-080/2020,EPI_ISL_436948,"B.1.p2 or B.1",GH,"North America / USA / Louisiana",6-APR-2020
hCoV-19/USA/LA-BIE-079/2020,EPI_ISL_436947,"B.1.p2 or B.1",GH,"North America / USA / Louisiana",6-APR-2020
hCoV-19/USA/LA-BIE-078/2020,EPI_ISL_436946,"B.1.p2 or B.1",GH,"North America / USA / Louisiana",7-APR-2020
hCoV-19/USA/LA-BIE-077/2020,EPI_ISL_436945,"B.1.p2 or B.1",GH,"North America / USA / Louisiana",6-APR-2020
hCoV-19/USA/LA-BIE-076/2020,EPI_ISL_436944,"B.1.p2 or B.1",GH,"North America / USA / Louisiana",6-APR-2020
hCoV-19/USA/LA-BIE-075/2020,EPI_ISL_436943,"B.1.p2 or B.1",GH,"North America / USA / Louisiana",4-APR-2020
hCoV-19/USA/LA-BIE-074/2020,EPI_ISL_436942,"B.1.p2 or B.1",GH,"North America / USA / Louisiana",8-APR-2020
hCoV-19/USA/LA-BIE-072/2020,EPI_ISL_436940,"B.1.p2 or B.1",GH,"North America / USA / Louisiana",8-APR-2020
hCoV-19/USA/LA-BIE-071/2020,EPI_ISL_436939,"B.1.p2 or B.1",GH,"North America / USA / Louisiana",6-APR-2020
hCoV-19/USA/UT-02245/2020,EPI_ISL_436936,B.1.p2,GH,"North America / USA / Utah",15-APR-2020
hCoV-19/USA/UT-02234/2020,EPI_ISL_436931,B.1.p2,GH,"North America / USA / Utah",14-APR-2020
hCoV-19/USA/UT-02233/2020,EPI_ISL_436930,B.1.p2,GH,"North America / USA / Utah",15-APR-2020
hCoV-19/USA/UT-02227/2020,EPI_ISL_436925,B.1.p2,GH,"North America / USA / Utah",14-APR-2020
hCoV-19/USA/UT-02221/2020,EPI_ISL_436921,B.1.p2,GH,"North America / USA / Utah",14-APR-2020
hCoV-19/USA/UT-01434/2020,EPI_ISL_436914,B.1.p2,GH,"North America / USA / Utah",9-APR-2020
hCoV-19/USA/UT-00971/2020,EPI_ISL_436902,B.1.p2,GH,"North America / USA / Utah",8-APR-2020
hCoV-19/USA/UT-00899/2020,EPI_ISL_436901,B.1.p2,GH,"North America / USA / Utah",7-APR-2020
hCoV-19/USA/MI-MDHHS-SC20151/2020,EPI_ISL_436876,B.1.p2,GH,"North America / USA / Michigan",2020/03/27
hCoV-19/USA/MI-MDHHS-SC20102/2020,EPI_ISL_436845,B.1.p2,GH,"North America / USA / Michigan",2020/03/24
hCoV-19/USA/MI-MDHHS-SC20187/2020,EPI_ISL_436835,B.1.p2,GH,"North America / USA / Michigan",2020/03/22
hCoV-19/USA/MI-MDHHS-SC20156/2020,EPI_ISL_436825,B.1.p2,GH,"North America / USA / Michigan",2020/03/19
hCoV-19/USA/MI-MDHHS-SC20163/2020,EPI_ISL_436821,B.1.p2,GH,"North America / USA / Michigan",2020/03/17
hCoV-19/USA/WI-UW-329/2020,EPI_ISL_436623,B.1.p2,GH,"North America / USA / Wisconsin / Milwaukee",25-APR-2020
hCoV-19/USA/PA-MGSC58-05/2020,EPI_ISL_436504,"B.1.p2 or B.1",GH,"North America / USA / Pennsylvania / Pittsburgh",2020
hCoV-19/USA/PA-MGSC15-04/2020,EPI_ISL_436470,"B.1.p2 or B.1",GH,"North America / USA / Pennsylvania / Pittsburgh",2020/03/25
hCoV-19/Australia/VIC1274/2020,EPI_ISL_436132,B.1.p2,GH,"Oceania / Australia / Victoria",14-APR-2020
hCoV-19/Australia/VIC1267/2020,EPI_ISL_436126,B.1.p2,GH,"Oceania / Australia / Victoria",12-APR-2020
hCoV-19/Australia/VIC1257/2020,EPI_ISL_436121,B.4,O,"Oceania / Australia / Victoria",11-APR-2020
hCoV-19/Australia/VIC1256/2020,EPI_ISL_436120,B.1.p2,GH,"Oceania / Australia / Victoria",11-APR-2020
hCoV-19/Australia/VIC1255/2020,EPI_ISL_436119,B.4,O,"Oceania / Australia / Victoria",11-APR-2020
hCoV-19/USA/VI-CDC-1999/2020,EPI_ISL_436045,"B.1.p2 or B.1",GH,"North America / USA / Virgin Islands",2020/03/21
hCoV-19/USA/LA-CDC-1894/2020,EPI_ISL_436044,"B.1.p2 or B.1",GH,"North America / USA / Louisiana",2020/03/23
hCoV-19/USA/LA-EVTL041/2020,EPI_ISL_435579,"B.1.p2 or B.1",GH,"North America / USA / Louisiana",24-APR-2020
hCoV-19/USA/LA-EVTL040/2020,EPI_ISL_435578,"B.1.p2 or B.1",GH,"North America / USA / Louisiana",24-APR-2020
hCoV-19/USA/LA-EVTL039/2020,EPI_ISL_435577,"B.1.p2 or B.1",GH,"North America / USA / Louisiana",20-APR-2020
hCoV-19/USA/LA-EVTL038/2020,EPI_ISL_435576,"B.1.p2 or B.1",GH,"North America / USA / Louisiana",24-APR-2020
hCoV-19/USA/LA-EVTL037/2020,EPI_ISL_435575,"B.1.p2 or B.1",GH,"North America / USA / Louisiana",24-APR-2020
hCoV-19/USA/LA-EVTL036/2020,EPI_ISL_435574,"B.1.p2 or B.1",GH,"North America / USA / Louisiana",24-APR-2020
hCoV-19/USA/LA-EVTL035/2020,EPI_ISL_435573,"B.1.p2 or B.1",GH,"North America / USA / Louisiana",24-APR-2020
hCoV-19/USA/LA-EVTL034/2020,EPI_ISL_435572,"B.1.p2 or B.1",GH,"North America / USA / Louisiana",24-APR-2020
hCoV-19/USA/LA-EVTL033/2020,EPI_ISL_435571,"B.1.p2 or B.1",GH,"North America / USA / Louisiana",24-APR-2020
hCoV-19/USA/LA-EVTL032/2020,EPI_ISL_435570,"B.1.p2 or B.1",GH,"North America / USA / Louisiana",24-APR-2020
hCoV-19/USA/LA-EVTL031/2020,EPI_ISL_435569,"B.1.p2 or B.1",GH,"North America / USA / Louisiana",24-APR-2020
hCoV-19/USA/LA-EVTL030/2020,EPI_ISL_435568,"B.1.p2 or B.1",GH,"North America / USA / Louisiana",24-APR-2020
hCoV-19/USA/LA-EVTL029/2020,EPI_ISL_435567,"B.1.p2 or B.1",GH,"North America / USA / Louisiana",24-APR-2020
hCoV-19/USA/LA-EVTL028/2020,EPI_ISL_435566,"B.1.p2 or B.1",GH,"North America / USA / Louisiana",24-APR-2020
hCoV-19/USA/LA-EVTL027/2020,EPI_ISL_435565,"B.1.p2 or B.1",GH,"North America / USA / Louisiana",24-APR-2020
hCoV-19/USA/LA-EVTL026/2020,EPI_ISL_435564,"B.1.p2 or B.1",GH,"North America / USA / Louisiana",24-APR-2020
hCoV-19/USA/LA-EVTL025/2020,EPI_ISL_435563,"B.1.p2 or B.1",GH,"North America / USA / Louisiana",24-APR-2020
hCoV-19/USA/LA-EVTL024/2020,EPI_ISL_435562,"B.1.p2 or B.1",GH,"North America / USA / Louisiana",24-APR-2020
hCoV-19/USA/LA-EVTL023/2020,EPI_ISL_435561,"B.1.p2 or B.1",GH,"North America / USA / Louisiana",24-APR-2020
hCoV-19/USA/LA-EVTL022/2020,EPI_ISL_435560,"B.1.p2 or B.1",GH,"North America / USA / Louisiana",24-APR-2020
hCoV-19/USA/LA-EVTL021/2020,EPI_ISL_435559,"B.1.p2 or B.1",GH,"North America / USA / Louisiana",24-APR-2020
hCoV-19/USA/LA-EVTL020/2020,EPI_ISL_435558,"B.1.p2 or B.1",GH,"North America / USA / Louisiana",24-APR-2020
hCoV-19/USA/LA-EVTL019/2020,EPI_ISL_435557,"B.1.p2 or B.1",GH,"North America / USA / Louisiana",24-APR-2020
hCoV-19/USA/LA-EVTL018/2020,EPI_ISL_435556,"B.1.p2 or B.1",GH,"North America / USA / Louisiana",24-APR-2020
hCoV-19/USA/LA-EVTL017/2020,EPI_ISL_435555,"B.1.p2 or B.1",GH,"North America / USA / Louisiana",24-APR-2020
hCoV-19/USA/LA-EVTL016/2020,EPI_ISL_435554,"B.1.p2 or B.1",GH,"North America / USA / Louisiana",25-APR-2020
hCoV-19/USA/LA-EVTL015/2020,EPI_ISL_435553,"B.1.p2 or B.1",GH,"North America / USA / Louisiana",25-APR-2020
hCoV-19/USA/LA-EVTL014/2020,EPI_ISL_435552,"B.1.p2 or B.1",GH,"North America / USA / Louisiana",25-APR-2020
hCoV-19/USA/LA-EVTL013/2020,EPI_ISL_435551,"B.1.p2 or B.1",GH,"North America / USA / Louisiana",25-APR-2020
hCoV-19/USA/LA-EVTL012/2020,EPI_ISL_435550,"B.1.p2 or B.1",GH,"North America / USA / Louisiana",25-APR-2020
hCoV-19/USA/NY-NYUMC481/2020,EPI_ISL_435546,B.1.p2,GH,"North America / USA / New York",24-APR-2020
hCoV-19/USA/LA-SR0174/2020,EPI_ISL_435472,"B.1.p2 or B.1",GH,"North America / USA / Louisiana / New Orleans",4-APR-2020
hCoV-19/USA/LA-SR0170/2020,EPI_ISL_435471,B.1.p2,GH,"North America / USA / Louisiana / New Orleans",3-APR-2020
hCoV-19/USA/LA-SR0169/2020,EPI_ISL_435470,B.1.p2,GH,"North America / USA / Louisiana / New Orleans",4-APR-2020
hCoV-19/USA/LA-SR0167/2020,EPI_ISL_435469,B.1.p2,GH,"North America / USA / Louisiana / New Orleans",3-APR-2020
hCoV-19/USA/LA-SR0166/2020,EPI_ISL_435468,B.1.p2,GH,"North America / USA / Louisiana / New Orleans",3-APR-2020
hCoV-19/USA/LA-SR0164/2020,EPI_ISL_435467,B.1.p2,GH,"North America / USA / Louisiana / New Orleans",2020/03/31
hCoV-19/USA/LA-SR0163/2020,EPI_ISL_435466,B.1.p2,GH,"North America / USA / Louisiana / New Orleans",2020/03/28
hCoV-19/USA/LA-SR0162/2020,EPI_ISL_435465,B.1.p2,GH,"North America / USA / Louisiana / New Orleans",2020/03/31
hCoV-19/USA/LA-SR0161/2020,EPI_ISL_435464,B.1.p2,GH,"North America / USA / Louisiana / New Orleans",2020/03/28
hCoV-19/USA/LA-SR0160/2020,EPI_ISL_435463,B.1.p2,GH,"North America / USA / Louisiana / New Orleans",2020/03/28
hCoV-19/USA/LA-SR0159/2020,EPI_ISL_435462,B.1.p2,GH,"North America / USA / Louisiana / New Orleans",2-APR-2020
hCoV-19/USA/LA-SR0158/2020,EPI_ISL_435461,B.1.p2,GH,"North America / USA / Louisiana / New Orleans",3-APR-2020
hCoV-19/USA/LA-SR0157/2020,EPI_ISL_435460,B.1.p2,GH,"North America / USA / Louisiana / New Orleans",2-APR-2020
hCoV-19/USA/LA-SR0156/2020,EPI_ISL_435459,B.1.p2,GH,"North America / USA / Louisiana / New Orleans",2-APR-2020
hCoV-19/USA/LA-SR0155/2020,EPI_ISL_435458,B.1.p2,GH,"North America / USA / Louisiana / New Orleans",2-APR-2020
hCoV-19/USA/LA-SR0154/2020,EPI_ISL_435457,B.1.p2,GH,"North America / USA / Louisiana / New Orleans",2-APR-2020
hCoV-19/USA/LA-SR0152/2020,EPI_ISL_435455,B.1.p2,GH,"North America / USA / Louisiana / New Orleans",2-APR-2020
hCoV-19/USA/LA-SR0151/2020,EPI_ISL_435454,B.1.p2,GH,"North America / USA / Louisiana / New Orleans",2-APR-2020
hCoV-19/USA/LA-SR0150/2020,EPI_ISL_435453,B.1.p2,GH,"North America / USA / Louisiana / New Orleans",2020/03/30
hCoV-19/USA/LA-SR0149/2020,EPI_ISL_435452,B.1.p2,GH,"North America / USA / Louisiana / New Orleans",2020/03/27
hCoV-19/USA/LA-SR0148/2020,EPI_ISL_435451,B.1.p2,GH,"North America / USA / Louisiana / New Orleans",2020/03/27
hCoV-19/USA/LA-SR0146/2020,EPI_ISL_435450,B.1.p2,GH,"North America / USA / Louisiana / New Orleans",2020/03/28
hCoV-19/USA/LA-SR0145/2020,EPI_ISL_435449,B.1.p2,GH,"North America / USA / Louisiana / New Orleans",2020/03/27
hCoV-19/USA/LA-SR0144/2020,EPI_ISL_435448,B.1.p2,GH,"North America / USA / Louisiana / New Orleans",2020/03/27
hCoV-19/USA/LA-SR0143/2020,EPI_ISL_435447,B.1.p2,GH,"North America / USA / Louisiana / New Orleans",2020/03/31
hCoV-19/USA/LA-SR0141/2020,EPI_ISL_435446,B.1.p2,GH,"North America / USA / Louisiana / New Orleans",2020/03/28
hCoV-19/USA/LA-SR0140/2020,EPI_ISL_435445,B.1.p2,GH,"North America / USA / Louisiana / New Orleans",2020/03/31
hCoV-19/USA/AK-PHL151/2020,EPI_ISL_435441,B.1.p2,GH,"North America / USA / Alaska / Anchorage",7-APR-2020
hCoV-19/USA/UT-0895/2020,EPI_ISL_435392,B.1.p2,GH,"North America / USA / Utah",7-APR-2020
hCoV-19/USA/UT-0534/2020,EPI_ISL_435368,"B.1.p2 or B.1",GH,"North America / USA / Utah",2-APR-2020
hCoV-19/USA/UT-0369/2020,EPI_ISL_435357,B.1.p2,GH,"North America / USA / Utah",2020/03/28
hCoV-19/USA/UT-0368/2020,EPI_ISL_435356,B.1.p2,GH,"North America / USA / Utah",2020/03/29
hCoV-19/USA/UT-0353/2020,EPI_ISL_435353,B.1.p2,GH,"North America / USA / Utah",2020/03/27
hCoV-19/Canada/AG1/2020,EPI_ISL_435344,"B.1.p2 or B.1",GH,"North America / Canada / Quebec",APR-2020
hCoV-19/USA/LA-EVTL011/2020,EPI_ISL_435044,"B.1.p2 or B.1",GH,"North America / USA / Louisiana",15-APR-2020
hCoV-19/USA/LA-EVTL010/2020,EPI_ISL_435043,"B.1.p2 or B.1",GH,"North America / USA / Louisiana",15-APR-2020
hCoV-19/USA/LA-EVTL09/2020,EPI_ISL_435042,"B.1.p2 or B.1",GH,"North America / USA / Louisiana",15-APR-2020
hCoV-19/USA/LA-EVTL08/2020,EPI_ISL_435041,"B.1.p2 or B.1",GH,"North America / USA / Louisiana",15-APR-2020
hCoV-19/USA/LA-EVTL06/2020,EPI_ISL_435039,"B.1.p2 or B.1",GH,"North America / USA / Louisiana",15-APR-2020
hCoV-19/USA/LA-EVTL05/2020,EPI_ISL_435038,"B.1.p2 or B.1",GH,"North America / USA / Louisiana",13-APR-2020
hCoV-19/USA/LA-EVTL04/2020,EPI_ISL_435037,"B.1.p2 or B.1",GH,"North America / USA / Louisiana",13-APR-2020
hCoV-19/USA/LA-EVTL03/2020,EPI_ISL_435036,"B.1.p2 or B.1",GH,"North America / USA / Louisiana",11-APR-2020
"hCoV-19/USA/LA-EVTL02/2020",EPI_ISL_435035,"B.1.p2 or B.1",GH,"North America / USA / Louisiana",11-APR-2020
hCoV-19/USA/LA-EVTL01/2020,EPI_ISL_435034,"B.1.p2 or B.1",GH,"North America / USA / Louisiana",9-APR-2020
hCoV-19/USA/TX-HMH0440/2020,EPI_ISL_435023,B.1.p2,GH,"North America / USA / Texas",3-APR-2020
hCoV-19/USA/TX-HMH0439/2020,EPI_ISL_435022,B.1.p2,GH,"North America / USA / Texas",2-APR-2020
hCoV-19/USA/TX-HMH0436/2020,EPI_ISL_435019,B.1.p2,GH,"North America / USA / Texas",2-APR-2020
hCoV-19/USA/TX-HMH0429/2020,EPI_ISL_435012,B.1.p2,GH,"North America / USA / Texas",2-APR-2020
hCoV-19/USA/TX-HMH0424/2020,EPI_ISL_435007,B.1.p2,GH,"North America / USA / Texas",1-APR-2020
hCoV-19/USA/TX-HMH0422/2020,EPI_ISL_435005,B.1.p2,GH,"North America / USA / Texas",1-APR-2020
hCoV-19/USA/TX-HMH0420/2020,EPI_ISL_435003,B.1.p2,GH,"North America / USA / Texas",1-APR-2020
hCoV-19/USA/TX-HMH0417/2020,EPI_ISL_435001,B.1.p2,GH,"North America / USA / Texas",1-APR-2020
hCoV-19/USA/TX-HMH0416/2020,EPI_ISL_435000,B.1.p2,GH,"North America / USA / Texas",1-APR-2020
hCoV-19/USA/TX-HMH0412/2020,EPI_ISL_434997,B.1.p2,GH,"North America / USA / Texas",2020/03/31
hCoV-19/USA/TX-HMH0410/2020,EPI_ISL_434996,B.1.p2,GH,"North America / USA / Texas",2020/03/30
hCoV-19/USA/TX-HMH0409/2020,EPI_ISL_434995,B.1.p2,GH,"North America / USA / Texas",2020/03/31
hCoV-19/USA/TX-HMH0407/2020,EPI_ISL_434993,B.1.p2,GH,"North America / USA / Texas",2020/03/27
hCoV-19/USA/TX-HMH0401/2020,EPI_ISL_434988,B.1.p2,GH,"North America / USA / Texas",2020/03/31
hCoV-19/USA/TX-HMH0390/2020,EPI_ISL_434977,B.1.p2,GH,"North America / USA / Texas",2020/03/30
hCoV-19/USA/TX-HMH0389/2020,EPI_ISL_434976,B.1.p2,GH,"North America / USA / Texas",1-APR-2020
hCoV-19/USA/TX-HMH0388/2020,EPI_ISL_434975,B.1.p2,GH,"North America / USA / Texas",2020/03/31
hCoV-19/USA/TX-HMH0385/2020,EPI_ISL_434973,B.1.p2,GH,"North America / USA / Texas",2020/03/30
hCoV-19/USA/TX-HMH0384/2020,EPI_ISL_434972,B.1.p2,GH,"North America / USA / Texas",2020/03/31
hCoV-19/USA/TX-HMH0376/2020,EPI_ISL_434965,B.1.p2,GH,"North America / USA / Texas",2020/03/30
hCoV-19/USA/TX-HMH0364/2020,EPI_ISL_434956,B.1.p2,GH,"North America / USA / Texas",2020/03/30
hCoV-19/USA/TX-HMH0363/2020,EPI_ISL_434955,B.1.p2,GH,"North America / USA / Texas",2020/03/30
hCoV-19/USA/TX-HMH0354/2020,EPI_ISL_434948,B.1.p2,GH,"North America / USA / Texas",2020/03/29
hCoV-19/USA/TX-HMH0352/2020,EPI_ISL_434946,B.1.p2,GH,"North America / USA / Texas",2020/03/29
hCoV-19/USA/TX-HMH0350/2020,EPI_ISL_434944,"B.1.p2 or B.1",GH,"North America / USA / Texas",4-APR-2020
hCoV-19/USA/TX-HMH0349/2020,EPI_ISL_434943,"B.1.p2 or B.1",GH,"North America / USA / Texas",1-APR-2020
hCoV-19/USA/TX-HMH0328/2020,EPI_ISL_434940,B.1.p2,GH,"North America / USA / Texas",2020/03/28
hCoV-19/USA/TX-HMH0326/2020,EPI_ISL_434938,B.1.p2,GH,"North America / USA / Texas",2020/03/28
hCoV-19/USA/TX-HMH0325/2020,EPI_ISL_434937,B.1.p2,GH,"North America / USA / Texas",2020/03/28
hCoV-19/USA/TX-HMH0324/2020,EPI_ISL_434936,B.1.p2,GH,"North America / USA / Texas",2020/03/28
hCoV-19/USA/TX-HMH0320/2020,EPI_ISL_434933,B.1.p2,GH,"North America / USA / Texas",2020/03/28
hCoV-19/USA/TX-HMH0312/2020,EPI_ISL_434928,B.1.p2,GH,"North America / USA / Texas",2020/03/28
hCoV-19/USA/TX-HMH0305/2020,EPI_ISL_434926,B.1.p2,GH,"North America / USA / Texas",2020/03/28
hCoV-19/USA/TX-HMH0295/2020,EPI_ISL_434920,B.1.p2,GH,"North America / USA / Texas",2020/03/27
hCoV-19/USA/TX-HMH0292/2020,EPI_ISL_434918,B.1.p2,GH,"North America / USA / Texas",2020/03/27
hCoV-19/USA/TX-HMH0291/2020,EPI_ISL_434917,B.1.p2,GH,"North America / USA / Texas",2020/03/27
hCoV-19/USA/TX-HMH0283/2020,EPI_ISL_434911,B.1.p2,GH,"North America / USA / Texas",2020/03/27
hCoV-19/USA/TX-HMH0281/2020,EPI_ISL_434909,B.1.p2,GH,"North America / USA / Texas",2020/03/27
hCoV-19/USA/TX-HMH0280/2020,EPI_ISL_434908,B.1.p2,GH,"North America / USA / Texas",2020/03/27
hCoV-19/USA/TX-HMH0272/2020,EPI_ISL_434900,B.1.p2,GH,"North America / USA / Texas",2020/03/26
hCoV-19/USA/TX-HMH0271/2020,EPI_ISL_434899,B.1.p2,GH,"North America / USA / Texas",2020/03/26
hCoV-19/USA/TX-HMH0269/2020,EPI_ISL_434898,B.1.p2,GH,"North America / USA / Texas",2020/03/26
hCoV-19/USA/TX-HMH0230/2020,EPI_ISL_434890,B.1.p2,GH,"North America / USA / Texas",2020/03/25
hCoV-19/USA/TX-HMH0213/2020,EPI_ISL_434888,B.1.p2,GH,"North America / USA / Texas",2020/03/24
hCoV-19/USA/TX-HMH0210/2020,EPI_ISL_434885,B.1.p2,GH,"North America / USA / Texas",2020/03/24
hCoV-19/USA/TX-HMH0204/2020,EPI_ISL_434879,B.1.p2,GH,"North America / USA / Texas",2020/03/24
hCoV-19/USA/TX-HMH0199/2020,EPI_ISL_434874,B.1.p2,GH,"North America / USA / Texas",2020/03/23
hCoV-19/USA/TX-HMH0195/2020,EPI_ISL_434870,B.1.p2,GH,"North America / USA / Texas",2020/03/23
hCoV-19/USA/TX-HMH0183/2020,EPI_ISL_434861,B.1.p2,GH,"North America / USA / Texas",2020/03/23
hCoV-19/USA/TX-HMH0182/2020,EPI_ISL_434860,B.1.p2,GH,"North America / USA / Texas",2020/03/23
hCoV-19/USA/TX-HMH0158/2020,EPI_ISL_434857,B.1.p2,GH,"North America / USA / Texas",2020/03/23
hCoV-19/USA/TX-HMH0157/2020,EPI_ISL_434856,B.1.p2,GH,"North America / USA / Texas",2020/03/23
hCoV-19/USA/TX-HMH0152/2020,EPI_ISL_434851,B.1.p2,GH,"North America / USA / Texas",2020/03/22
hCoV-19/USA/TX-HMH0151/2020,EPI_ISL_434850,B.1.p2,GH,"North America / USA / Texas",2020/03/22
hCoV-19/USA/TX-HMH0148/2020,EPI_ISL_434847,B.1.p2,GH,"North America / USA / Texas",2020/03/22
hCoV-19/USA/TX-HMH0147/2020,EPI_ISL_434846,B.1.p2,GH,"North America / USA / Texas",2020/03/22
hCoV-19/USA/TX-HMH0143/2020,EPI_ISL_434842,B.1.p2,GH,"North America / USA / Texas",2020/03/22
hCoV-19/USA/TX-HMH0140/2020,EPI_ISL_434839,B.1.p2,GH,"North America / USA / Texas",2020/03/21
hCoV-19/USA/TX-HMH0133/2020,EPI_ISL_434833,B.1.p2,GH,"North America / USA / Texas",2020/03/21
hCoV-19/USA/TX-HMH0132/2020,EPI_ISL_434832,"B.1.p2 or B.1",GH,"North America / USA / Texas",2020/03/21
hCoV-19/USA/TX-HMH0130/2020,EPI_ISL_434830,B.1.p2,GH,"North America / USA / Texas",2020/03/21
hCoV-19/USA/TX-HMH0115/2020,EPI_ISL_434817,B.1.p2,GH,"North America / USA / Texas",2020/03/20
hCoV-19/USA/TX-HMH0102/2020,EPI_ISL_434807,B.1.p2,GH,"North America / USA / Texas",2020/03/20
hCoV-19/USA/TX-HMH0101/2020,EPI_ISL_434806,"B.1.p2 or B.1",GH,"North America / USA / Texas",2020/03/19
hCoV-19/USA/TX-HMH072/2020,EPI_ISL_434781,B.1.p2,GH,"North America / USA / Texas",2020/03/18
hCoV-19/USA/TX-HMH071/2020,EPI_ISL_434780,B.1.p2,GH,"North America / USA / Texas",2020/03/18
hCoV-19/USA/TX-HMH067/2020,EPI_ISL_434776,"B.1.p2 or B.1",GH,"North America / USA / Texas",2020/03/18
hCoV-19/USA/TX-HMH061/2020,EPI_ISL_434770,B.1.p2,GH,"North America / USA / Texas",2020/03/18
hCoV-19/USA/TX-HMH052/2020,EPI_ISL_434761,B.1.p2,GH,"North America / USA / Texas",2020/03/16
hCoV-19/USA/TX-HMH048/2020,EPI_ISL_434757,B.1.p2,GH,"North America / USA / Texas",2020/03/15
hCoV-19/USA/TX-HMH047/2020,EPI_ISL_434756,"B.1.p2 or B.1",GH,"North America / USA / Texas",2020/03/15
hCoV-19/USA/TX-HMH046/2020,EPI_ISL_434755,B.1.p2,GH,"North America / USA / Texas",2020/03/14
hCoV-19/USA/TX-HMH045/2020,EPI_ISL_434754,B.1.p2,GH,"North America / USA / Texas",2020/03/18
hCoV-19/USA/TX-HMH030/2020,EPI_ISL_434739,"B.1.p2 or B.1",GH,"North America / USA / Texas",2020/03/13
hCoV-19/USA/TX-HMH027/2020,EPI_ISL_434736,B.1.p2,GH,"North America / USA / Texas",2020/03/11
hCoV-19/USA/TX-HMH020/2020,EPI_ISL_434730,B.1.p2,GH,"North America / USA / Texas",2020/03/13
hCoV-19/USA/TX-HMH018/2020,EPI_ISL_434728,B.1.p2,GH,"North America / USA / Texas",2020/03/16
hCoV-19/USA/TX-HMH017/2020,EPI_ISL_434727,B.1.p2,GH,"North America / USA / Texas",2020/03/13
hCoV-19/USA/TX-HMH016/2020,EPI_ISL_434726,B.1.p2,GH,"North America / USA / Texas",2020/03/13
hCoV-19/USA/TX-HMH08/2020,EPI_ISL_434719,B.1.p2,GH,"North America / USA / Texas",2020/03/15
hCoV-19/USA/TX-HMH07/2020,EPI_ISL_434718,B.1.p2,GH,"North America / USA / Texas",2020/03/15
hCoV-19/USA/TX-HMH03/2020,EPI_ISL_434714,B.1.p2,GH,"North America / USA / Texas",2020/03/16
hCoV-19/USA/TX-HMH02/2020,EPI_ISL_434713,B.1.p2,GH,"North America / USA / Texas",2020/03/16
hCoV-19/USA/WI-UW-264/2020,EPI_ISL_434610,B.1.p2,GH,"North America / USA / Wisconsin",12-APR-2020
hCoV-19/USA/WI-UW-263/2020,EPI_ISL_434609,B.1.p2,GH,"North America / USA / Wisconsin",8-APR-2020
hCoV-19/USA/WI-UW-262/2020,EPI_ISL_434608,B.1.p2,GH,"North America / USA / Wisconsin",10-APR-2020
hCoV-19/USA/SEARCH-0078-NBG/2020,EPI_ISL_434532,B.1.p2,G,"North America / USA / Louisiana / New Orleans",2020/03/31
hCoV-19/USA/SEARCH-0077-NBG/2020,EPI_ISL_434531,B.1.p2,G,"North America / USA / Louisiana / New Orleans",2020/03/31
hCoV-19/USA/SEARCH-0076-NBG/2020,EPI_ISL_434530,B.1.p2,G,"North America / USA / Louisiana / New Orleans",2020/03/31
hCoV-19/USA/SEARCH-0075-NBG/2020,EPI_ISL_434529,B.1.p2,G,"North America / USA / Louisiana / New Orleans",2020/03/31
hCoV-19/USA/SEARCH-0072-NBG/2020,EPI_ISL_434528,B.1.p2,G,"North America / USA / Louisiana / New Orleans",2020/03/26
hCoV-19/USA/SEARCH-0071-NBG/2020,EPI_ISL_434527,B.1.p2,G,"North America / USA / Louisiana / New Orleans",2020/03/26
hCoV-19/USA/SEARCH-0070-NBG/2020,EPI_ISL_434526,B.1.p2,G,"North America / USA / Louisiana / New Orleans",2020/03/26
hCoV-19/USA/SEARCH-0068-NBG/2020,EPI_ISL_434525,B.1.p2,G,"North America / USA / Louisiana / New Orleans",2020/03/25
hCoV-19/USA/SEARCH-0067-NBG/2020,EPI_ISL_434524,B.1.p2,G,"North America / USA / Louisiana / New Orleans",2020/03/25
hCoV-19/USA/SEARCH-0066-NBG/2020,EPI_ISL_434523,B.1.p2,G,"North America / USA / Louisiana / New Orleans",2020/03/23
hCoV-19/USA/SEARCH-0065-NBG/2020,EPI_ISL_434522,"B.1.p2 or B.1",G,"North America / USA / Louisiana / New Orleans",2020/03/31
hCoV-19/USA/SEARCH-0064-NBG/2020,EPI_ISL_434521,B.1.p2,G,"North America / USA / Louisiana / New Orleans",2020/03/31
hCoV-19/USA/SEARCH-0063-NBG/2020,EPI_ISL_434520,B.1.p2,G,"North America / USA / Louisiana / New Orleans",2020/03/31
hCoV-19/USA/SEARCH-0060-NBG/2020,EPI_ISL_434519,B.1.p2,G,"North America / USA / Louisiana / New Orleans",2020/03/25
hCoV-19/USA/SEARCH-0059-NBG/2020,EPI_ISL_434518,B.1.p2,G,"North America / USA / Louisiana / New Orleans",2020/03/23
hCoV-19/USA/SEARCH-0058-NBG/2020,EPI_ISL_434517,B.1.p2,G,"North America / USA / Louisiana / New Orleans",2020/03/23
hCoV-19/USA/WA-S438/2020,EPI_ISL_434198,B.1.p2,GH,"North America / USA / Washington / Asotin County",1-APR-2020
hCoV-19/USA/ID-UW-6349/2020,EPI_ISL_430970,B.1.p2,GH,"North America / USA / Idaho",1-APR-2020
hCoV-19/USA/WA-UW-6211/2020,EPI_ISL_430955,B.1.p2,GH,"North America / USA / Washington",1-APR-2020
hCoV-19/USA/ID-UW-4418/2020,EPI_ISL_430952,B.1.p2,GH,"North America / USA / Idaho",2020/03/28
hCoV-19/USA/ID-UW-4402/2020,EPI_ISL_430949,B.1.p2,GH,"North America / USA / Idaho",2020/03/29
hCoV-19/USA/ID-UW-4383/2020,EPI_ISL_430948,B.1.p2,GH,"North America / USA / Idaho",2020/03/29
hCoV-19/USA/ID-UW-4354/2020,EPI_ISL_430947,B.1.p2,GH,"North America / USA / Idaho",2020/03/27
hCoV-19/USA/ID-UW-4255/2020,EPI_ISL_430940,B.1.p2,GH,"North America / USA / Idaho",2020/03/30
hCoV-19/USA/WA-UW-586/2020,EPI_ISL_430891,B.1.p2,GH,"North America / USA / Washington",2020/03/12
hCoV-19/Australia/VIC1354/2020,EPI_ISL_430717,B.4,O,"Oceania / Australia / Victoria",12-APR-2020
hCoV-19/Australia/VIC1345/2020,EPI_ISL_430708,B.1.p2,GH,"Oceania / Australia / Victoria",14-APR-2020
hCoV-19/Australia/VIC1329/2020,EPI_ISL_430696,B.1.p2,GH,"Oceania / Australia / Victoria",12-APR-2020
hCoV-19/Australia/VIC1318/2020,EPI_ISL_430693,B.4,O,"Oceania / Australia / Victoria",11-APR-2020
hCoV-19/Australia/VIC1316/2020,EPI_ISL_430690,B.1.p2,GH,"Oceania / Australia / Victoria",11-APR-2020
hCoV-19/Australia/VIC1315/2020,EPI_ISL_430689,B.4,O,"Oceania / Australia / Victoria",11-APR-2020
hCoV-19/Australia/VIC1343/2020,EPI_ISL_430684,B.4,O,"Oceania / Australia / Victoria",14-APR-2020
hCoV-19/Australia/VIC1342/2020,EPI_ISL_430683,B.4,O,"Oceania / Australia / Victoria",14-APR-2020
hCoV-19/Australia/VIC1334/2020,EPI_ISL_430682,B.4,O,"Oceania / Australia / Victoria",13-APR-2020
hCoV-19/Australia/VIC1314/2020,EPI_ISL_430681,B.4,O,"Oceania / Australia / Victoria",11-APR-2020
hCoV-19/Australia/VIC1302/2020,EPI_ISL_430680,B.4,O,"Oceania / Australia / Victoria",10-APR-2020
hCoV-19/Australia/VIC1174/2020,EPI_ISL_430623,B.1.p2,GH,"Oceania / Australia / Victoria",10-APR-2020
hCoV-19/Australia/VIC1173/2020,EPI_ISL_430621,B.4,O,"Oceania / Australia / Victoria",10-APR-2020
hCoV-19/Australia/VIC1145/2020,EPI_ISL_430620,B.4,O,"Oceania / Australia / Victoria",8-APR-2020
hCoV-19/Australia/VIC1144/2020,EPI_ISL_430619,B.4,O,"Oceania / Australia / Victoria",8-APR-2020
hCoV-19/Australia/VIC1163/2020,EPI_ISL_430617,B.4,O,"Oceania / Australia / Victoria",9-APR-2020
hCoV-19/Australia/VIC1160/2020,EPI_ISL_430605,B.1.p2,GH,"Oceania / Australia / Victoria",9-APR-2020
hCoV-19/Australia/VIC1159/2020,EPI_ISL_430604,B.1.p2,GH,"Oceania / Australia / Victoria",9-APR-2020
hCoV-19/Australia/VIC1135/2020,EPI_ISL_430601,B.1.p2,GH,"Oceania / Australia / Victoria",8-APR-2020
hCoV-19/Australia/VIC1106/2020,EPI_ISL_430588,B.1.p2,GH,"Oceania / Australia / Victoria",7-APR-2020
hCoV-19/Australia/VIC1115/2020,EPI_ISL_430577,B.4,O,"Oceania / Australia / Victoria",7-APR-2020
hCoV-19/Australia/VIC1114/2020,EPI_ISL_430576,B.4,O,"Oceania / Australia / Victoria",7-APR-2020
hCoV-19/Australia/VIC1015/2020,EPI_ISL_430559,"B.1.p2 or B.1",GH,"Oceania / Australia / Victoria",1-APR-2020
hCoV-19/Australia/VIC1043/2020,EPI_ISL_430539,B.4,O,"Oceania / Australia / Victoria",3-APR-2020
hCoV-19/Australia/VIC1042/2020,EPI_ISL_430538,B.4,O,"Oceania / Australia / Victoria",3-APR-2020
hCoV-19/Australia/VIC1233/2020,EPI_ISL_430510,B.4,O,"Oceania / Australia / Victoria",2-APR-2020
hCoV-19/Australia/VIC1210/2020,EPI_ISL_430500,B.4,O,"Oceania / Australia / Victoria",1-APR-2020
hCoV-19/Australia/VIC992/2020,EPI_ISL_430475,B.4,O,"Oceania / Australia / Victoria",2020/03/31
hCoV-19/USA/UT-0500/2020,EPI_ISL_430050,"B.1.p2 or B.1",GH,"North America / USA / Utah",2020/03/31
hCoV-19/USA/UT-0495/2020,EPI_ISL_430048,B.1.p2,GH,"North America / USA / Utah",2-APR-2020
hCoV-19/USA/UT-0446/2020,EPI_ISL_430044,B.1.p2,GH,"North America / USA / Utah",2020/03/30
hCoV-19/USA/UT-0445/2020,EPI_ISL_430043,"B.1.p2 or B.1",GH,"North America / USA / Utah",2020/03/30
hCoV-19/USA/UT-0444/2020,EPI_ISL_430042,B.1.p2,GH,"North America / USA / Utah",2020/03/30
hCoV-19/USA/UT-0443/2020,EPI_ISL_430041,B.1.p2,GH,"North America / USA / Utah",2020/03/30
hCoV-19/USA/UT-077/2020,EPI_ISL_430028,B.1.p2,GH,"North America / USA / Utah",2020/03/17
hCoV-19/USA/ID-UW-4598/2020,EPI_ISL_429610,B.1.p2,GH,"North America / USA / Idaho",2020/03/30
hCoV-19/USA/ID-UW-4552/2020,EPI_ISL_429601,B.1.p2,GH,"North America / USA / Idaho",2020/03/29
hCoV-19/USA/ID-UW-4547/2020,EPI_ISL_429599,B.1.p2,GH,"North America / USA / Idaho",2020/03/29
hCoV-19/USA/CA-CZB0710/2020,EPI_ISL_429042,B.1.p2,GH,"North America / USA / California / San Francisco",2020/03/23
hCoV-19/USA/CA-CZB09/2020,EPI_ISL_429037,B.1.p2,GH,"North America / USA / California / San Francisco",2020/03/25
hCoV-19/USA/CA-CZB0137/2020,EPI_ISL_429027,B.1.p2,GH,"North America / USA / California / San Francisco",8-APR-2020
hCoV-19/USA/CA-CZB0122/2020,EPI_ISL_429009,B.1.p2,GH,"North America / USA / California / San Francisco",8-APR-2020
hCoV-19/USA/CA-CZB0136/2020,EPI_ISL_429003,B.1.p2,GH,"North America / USA / California / San Francisco",8-APR-2020
hCoV-19/USA/CA-CZB0138/2020,EPI_ISL_428992,B.1.p2,GH,"North America / USA / California / San Francisco",8-APR-2020
hCoV-19/USA/WI-UW-239/2020,EPI_ISL_428335,"B.1.p2 or B.1",GH,"North America / USA / Wisconsin / Mequon",2020/03/27
hCoV-19/USA/WI-UW-190/2020,EPI_ISL_428286,"B.1.p2 or B.1",GH,"North America / USA / Wisconsin / Wauwatosa",2020/03/23
hCoV-19/USA/AK-PHL118/2020,EPI_ISL_427622,B.1.p2,GH,"North America / USA / Alaska / Interior",2020/03/24
hCoV-19/USA/WI-UW-148/2020,EPI_ISL_427455,B.1,G,"North America / USA / Wisconsin / Waunakee",7-APR-2020
hCoV-19/USA/WI-UW-131/2020,EPI_ISL_427438,B.1,G,"North America / USA / Wisconsin / Richland Center",8-APR-2020
hCoV-19/USA/MN-MDH-149/2020,EPI_ISL_427287,B.1.p2,GH,"North America / USA / Minnesota",2020/03/23
hCoV-19/USA/MN-MDH-145/2020,EPI_ISL_427284,B.1.p2,GH,"North America / USA / Minnesota",2020/03/22
hCoV-19/USA/MN-MDH-144/2020,EPI_ISL_427283,B.1.p2,GH,"North America / USA / Minnesota",2020/03/22
hCoV-19/USA/MN-MDH-118/2020,EPI_ISL_427274,B.1.p2,GH,"North America / USA / Minnesota",2020/03/20
hCoV-19/USA/WA-UW-3963/2020,EPI_ISL_427221,B.1.p2,GH,"North America / USA / Washington",2020/03/30
hCoV-19/USA/ID-UW-4462/2020,EPI_ISL_427171,B.1.p2,GH,"North America / USA / Idaho",2020/03/29
hCoV-19/USA/ID-UW-4266/2020,EPI_ISL_427170,B.1.p2,GH,"North America / USA / Idaho",2020/03/30
hCoV-19/USA/ID-UW-4239/2020,EPI_ISL_427169,B.1.p2,GH,"North America / USA / Idaho",2020/03/30
hCoV-19/USA/ID-UW-4100/2020,EPI_ISL_427168,"B.1.p2 or B.1",GH,"North America / USA / Idaho",2020/03/29
hCoV-19/Australia/VIC895/2020,EPI_ISL_427147,B.4,O,"Oceania / Australia / Victoria",6-APR-2020
hCoV-19/Australia/VIC894/2020,EPI_ISL_427146,B.4,O,"Oceania / Australia / Victoria",6-APR-2020
hCoV-19/Australia/VIC879/2020,EPI_ISL_427134,B.4,O,"Oceania / Australia / Victoria",6-APR-2020
hCoV-19/Australia/VIC878/2020,EPI_ISL_427133,B.4,O,"Oceania / Australia / Victoria",6-APR-2020
hCoV-19/Australia/VIC854/2020,EPI_ISL_427114,B.4,O,"Oceania / Australia / Victoria",4-APR-2020
hCoV-19/Australia/VIC759/2020,EPI_ISL_427035,B.4,O,"Oceania / Australia / Victoria",2020/03/30
hCoV-19/Australia/VIC747/2020,EPI_ISL_427025,B.4,O,"Oceania / Australia / Victoria",2020/03/31
hCoV-19/Australia/VIC645/2020,EPI_ISL_426941,B.4,O,"Oceania / Australia / Victoria",2020/03/28
hCoV-19/Australia/VIC627/2020,EPI_ISL_426931,B.4,O,"Oceania / Australia / Victoria",2020/03/29
hCoV-19/Australia/VIC630/2020,EPI_ISL_426874,B.4,O,"Oceania / Australia / Victoria",2020/03/26
hCoV-19/Australia/VIC629/2020,EPI_ISL_426873,B.4,O,"Oceania / Australia / Victoria",2020/03/25
hCoV-19/Australia/VIC615/2020,EPI_ISL_426870,B.4,O,"Oceania / Australia / Victoria",2020/03/28
hCoV-19/Australia/VIC571/2020,EPI_ISL_426831,B.1.p2,GH,"Oceania / Australia / Victoria",2020/03/25
hCoV-19/Australia/VIC547/2020,EPI_ISL_426810,B.4,O,"Oceania / Australia / Victoria",2020/03/25
hCoV-19/Australia/VIC447/2020,EPI_ISL_426743,B.4,O,"Oceania / Australia / Victoria",2020/03/27
hCoV-19/Australia/VIC407/2020,EPI_ISL_426709,B.4,O,"Oceania / Australia / Victoria",2020/03/25
hCoV-19/Australia/VIC406/2020,EPI_ISL_426708,B.4,O,"Oceania / Australia / Victoria",2020/03/25
hCoV-19/USA/LA-BIE-097/2020,EPI_ISL_426628,B.1.p2,GH,"North America / USA / Louisiana",6-APR-2020
hCoV-19/USA/LA-BIE-096/2020,EPI_ISL_426627,B.1.p2,GH,"North America / USA / Louisiana",6-APR-2020
hCoV-19/USA/AZ-TG272215/2020,EPI_ISL_426557,"B.1.p2 or B.1",GH,"North America / USA / Arizona",1-APR-2020
hCoV-19/USA/AZ-TG272213/2020,EPI_ISL_426556,B.1.p2,GH,"North America / USA / Arizona",1-APR-2020
hCoV-19/USA/AZ-TG271892/2020,EPI_ISL_426549,B.1.p2,GH,"North America / USA / Arizona",2020/03/26
hCoV-19/USA/AZ-TG271884/2020,EPI_ISL_426545,"B.1.p2 or B.1",GH,"North America / USA / Arizona",2020/03/25
hCoV-19/USA/AZ-TG271880/2020,EPI_ISL_426543,"B.1.p2 or B.1",GH,"North America / USA / Arizona",2020/03/24
hCoV-19/USA/AZ-TG271870/2020,EPI_ISL_426541,B.1.p2,GH,"North America / USA / Arizona",2020/03/24
hCoV-19/USA/AZ-TG271591/2020,EPI_ISL_426536,B.1.p2,GH,"North America / USA / Arizona",2020/03/25
hCoV-19/USA/AZ-TG271578/2020,EPI_ISL_426535,B.1.p2,GH,"North America / USA / Arizona",2020/03/17
hCoV-19/USA/AZ-TG270200/2020,EPI_ISL_426533,B.1.p2,GH,"North America / USA / Arizona",2020/03/26
hCoV-19/USA/AZ-TG270152/2020,EPI_ISL_426532,B.1.p2,GH,"North America / USA / Arizona",2020/03/25
hCoV-19/USA/AZ-TG269883/2020,EPI_ISL_426531,B.1.p2,GH,"North America / USA / Arizona",2020/03/12
hCoV-19/USA/AZ-TG269824/2020,EPI_ISL_426526,B.1.p2,GH,"North America / USA / Arizona",2020/03/23
hCoV-19/USA/AZ-TG269439/2020,EPI_ISL_426524,B.1.p2,GH,"North America / USA / Arizona",2020/03/20
hCoV-19/USA/AZ-TG269358/2020,EPI_ISL_426523,"B.1.p2 or B.1",GH,"North America / USA / Arizona",2020/03/20
hCoV-19/USA/AZ-TG269290/2020,EPI_ISL_426522,B.1.p2,GH,"North America / USA / Arizona",2020/03/20
hCoV-19/USA/AZ-TG269238/2020,EPI_ISL_426521,"B.1.p2 or B.1",GH,"North America / USA / Arizona",2020/03/20
hCoV-19/USA/AZ-TG269027/2020,EPI_ISL_426520,B.1.p2,GH,"North America / USA / Arizona",2020/03/20
hCoV-19/USA/AZ-TG268915/2020,EPI_ISL_426518,B.1.p2,GH,"North America / USA / Arizona",2020/03/12
hCoV-19/USA/AZ-TG268911/2020,EPI_ISL_426516,B.1.p2,GH,"North America / USA / Arizona",2020/03/13
hCoV-19/USA/AZ-TG268629/2020,EPI_ISL_426509,B.1.p2,GH,"North America / USA / Arizona",2020/03/18
hCoV-19/USA/AZ-TG268289/2020,EPI_ISL_426505,B.1.p2,GH,"North America / USA / Arizona",2020/03/17
hCoV-19/USA/AZ-TG268183/2020,EPI_ISL_426501,B.1.p2,GH,"North America / USA / Arizona",2020/03/17
hCoV-19/USA/AZ-TG268099/2020,EPI_ISL_426500,B.1.p2,GH,"North America / USA / Arizona",2020/03/17
hCoV-19/USA/AZ-TG271872/2020,EPI_ISL_426485,B.1.p2,GH,"North America / USA / Arizona",2020/03/24
hCoV-19/USA/RI_0882/2020,EPI_ISL_426435,B.1.p2,GH,"North America / USA / Rhode Island",2020/03/09
hCoV-19/USA/WA-UW-2244/2020,EPI_ISL_426127,B.1.p2,GH,"North America / USA / Washington",2020/03/25
hCoV-19/USA/UN-UW-2069/2020,EPI_ISL_426077,B.1.p2,GH,"North America / USA",2020/03/21
hCoV-19/USA/ID-UW-4448/2020,EPI_ISL_426074,B.1.p2,GH,"North America / USA / Idaho",2020/03/29
hCoV-19/USA/ID-UW-4433/2020,EPI_ISL_426073,B.1.p2,GH,"North America / USA / Idaho",2020/03/27
hCoV-19/USA/ID-UW-4427/2020,EPI_ISL_426072,B.1.p2,GH,"North America / USA / Idaho",2020/03/30
hCoV-19/USA/ID-UW-4424/2020,EPI_ISL_426071,B.1.p2,GH,"North America / USA / Idaho",2020/03/29
hCoV-19/USA/ID-UW-4396/2020,EPI_ISL_426069,B.1.p2,GH,"North America / USA / Idaho",2020/03/28
hCoV-19/USA/ID-UW-4378/2020,EPI_ISL_426067,B.1.p2,GH,"North America / USA / Idaho",2020/03/28
hCoV-19/USA/ID-UW-4375/2020,EPI_ISL_426066,B.1.p2,GH,"North America / USA / Idaho",2020/03/28
hCoV-19/USA/ID-UW-4357/2020,EPI_ISL_426065,B.1.p2,GH,"North America / USA / Idaho",2020/03/27
hCoV-19/USA/ID-UW-4355/2020,EPI_ISL_426064,B.1.p2,GH,"North America / USA / Idaho",2020/03/27
hCoV-19/USA/ID-UW-2255/2020,EPI_ISL_426063,B.1.p2,GH,"North America / USA / Idaho",2020/03/23
hCoV-19/USA/ID-UW-2198/2020,EPI_ISL_426062,B.1.p2,G,"North America / USA / Idaho",2020/03/24
hCoV-19/USA/ID-UW-2174/2020,EPI_ISL_426061,B.1.p2,GH,"North America / USA / Idaho",2020/03/23
hCoV-19/USA/ID-UW-2160/2020,EPI_ISL_426060,B.1.p2,GH,"North America / USA / Idaho",2020/03/23
hCoV-19/USA/ID-UW-2159/2020,EPI_ISL_426059,B.1.p2,GH,"North America / USA / Idaho",2020/03/23
hCoV-19/USA/ID-UW-2134/2020,EPI_ISL_426058,B.1.p2,GH,"North America / USA / Idaho",2020/03/24
hCoV-19/USA/WI-UW-89/2020,EPI_ISL_425146,"B.1.p2 or B.1",GH,"North America / USA / Wisconsin / Madison",2020/03/31
hCoV-19/USA/MI-MDHHS-SC20007/2020,EPI_ISL_424989,"B.1.p2 or B.1",GH,"North America / USA / Michigan",2020/03/12
hCoV-19/USA/NY-NYUMC133/2020,EPI_ISL_424940,B.1.p2,GH,"North America / USA / New York / Queens",1-APR-2020
hCoV-19/USA/LA_0842/2020,EPI_ISL_424868,B.1.p2,GH,"North America / USA / Louisiana",2020/03/09
hCoV-19/USA/NC_200189/2020,EPI_ISL_424354,"B.1.p2 or B.1",GH,"North America / USA / North Carolina",2020/03/01
hCoV-19/USA/ID-UW-1934/2020,EPI_ISL_424322,B.1.p2,GH,"North America / USA / Idaho",2020/03/20
hCoV-19/USA/ID-UW-1925/2020,EPI_ISL_424321,B.1.p2,GH,"North America / USA / Idaho",2020/03/20
hCoV-19/USA/ID-UW-1939/2020,EPI_ISL_424320,B.1.p2,G,"North America / USA / Idaho",2020/03/21
hCoV-19/USA/ID-UW-1935/2020,EPI_ISL_424319,B.1.p2,GH,"North America / USA / Idaho",2020/03/22
hCoV-19/USA/ID-UW-1938/2020,EPI_ISL_424318,B.1.p2,GH,"North America / USA / Idaho",2020/03/22
hCoV-19/USA/ID-UW-1957/2020,EPI_ISL_424315,B.1.p2,G,"North America / USA / Idaho",2020/03/20
hCoV-19/USA/OR-UW-1885/2020,EPI_ISL_424307,B.1.p2,GH,"North America / USA / Oregon",2020/03/23
hCoV-19/USA/WA-UW-1866/2020,EPI_ISL_424278,B.1.p2,G,"North America / USA / Washington",2020/03/23
hCoV-19/USA/WA-UW-1707/2020,EPI_ISL_424225,B.1.p2,GH,"North America / USA / Washington",2020/03/21
hCoV-19/USA/WA-UW-1472/2020,EPI_ISL_424176,B.1.p2,GH,"North America / USA / Washington",2020/03/17
hCoV-19/USA/WA-UW-1470/2020,EPI_ISL_423028,B.1.p2,GH,"North America / USA / Washington",2020/03/18
hCoV-19/USA/WA-UW-1353/2020,EPI_ISL_422987,B.1.p2,GH,"North America / USA / Washington",2020/03/18
hCoV-19/USA/WA-UW-1319/2020,EPI_ISL_422972,B.1.p2,GH,"North America / USA / Washington",2020/03/17
hCoV-19/USA/NY-PV09087/2020,EPI_ISL_421627,B.1.p2,GH,"North America / USA / New York / Queens",2020/03/18
hCoV-19/USA/UT-0364/2020,EPI_ISL_421563,B.1.p2,GH,"North America / USA / Utah",2020/03/29
hCoV-19/USA/WI-UW-58/2020,EPI_ISL_421316,"B.1.p2 or B.1",GH,"North America / USA / Wisconsin / Madison",2020/03/23
hCoV-19/USA/WI-UW-54/2020,EPI_ISL_421312,"B.1.p2 or B.1",GH,"North America / USA / Wisconsin / Monona",2020/03/20
hCoV-19/USA/UT-0361/2020,EPI_ISL_420825,B.1.p2,GH,"North America / USA / Utah",2020/03/25
hCoV-19/USA/UT-0352/2020,EPI_ISL_420824,B.1.p2,GH,"North America / USA / Utah",2020/03/26
hCoV-19/USA/UT-0350/2020,EPI_ISL_420823,B.1.p2,GH,"North America / USA / Utah",2020/03/27
hCoV-19/USA/UT-0349/2020,EPI_ISL_420822,B.1.p2,GH,"North America / USA / Utah",2020/03/25
hCoV-19/USA/UT-0303/2020,EPI_ISL_420815,B.1.p2,GH,"North America / USA / Utah",2020/03/24
hCoV-19/USA/UT-0301/2020,EPI_ISL_420814,B.1.p2,GH,"North America / USA / Utah",2020/03/27
hCoV-19/USA/UT-0300/2020,EPI_ISL_420813,B.1.p2,GH,"North America / USA / Utah",2020/03/27
hCoV-19/USA/UT-0291/2020,EPI_ISL_420811,"B.1.p2 or B.1",GH,"North America / USA / Utah",2020/03/27
hCoV-19/USA/UT-0290/2020,EPI_ISL_420810,"B.1.p2 or B.1",GH,"North America / USA / Utah",2020/03/27
hCoV-19/Australia/VIC314/2020,EPI_ISL_420005,B.4,O,"Oceania / Australia / Victoria",2020/03/24
hCoV-19/Australia/VIC313/2020,EPI_ISL_420004,B.4,O,"Oceania / Australia / Victoria",2020/03/24
hCoV-19/Australia/VIC294/2020,EPI_ISL_419985,B.4,O,"Oceania / Australia / Victoria",2020/03/23
hCoV-19/Australia/VIC272/2020,EPI_ISL_419965,B.4,O,"Oceania / Australia / Victoria",2020/03/22
hCoV-19/Australia/VIC262/2020,EPI_ISL_419955,B.4,O,"Oceania / Australia / Victoria",2020/03/21
hCoV-19/USA/MN-UW335/2020,EPI_ISL_418902,B.1.p2,GH,"North America / USA / Minnesota",2020/03/13
hCoV-19/USA/MN-UW326/2020,EPI_ISL_418893,B.1.p2,GH,"North America / USA / Minnesota",2020/03/13
hCoV-19/Canada/BC_7515663/2020,EPI_ISL_418845,B.1.p2,GH,"North America / Canada / British Columbia",2020/03/11
hCoV-19/Canada/BC_6404889/2020,EPI_ISL_418838,B.1.p2,GH,"North America / Canada / British Columbia",2020/03/12
hCoV-19/USA/WA-UW287/2020,EPI_ISL_418072,B.1.p2,GH,"North America / USA / Washington",2020/03/15
hCoV-19/USA/MN-UW266/2020,EPI_ISL_418051,B.1.p2,G,"North America / USA / Minnesota",2020/03/13
hCoV-19/USA/MN-UW264/2020,EPI_ISL_418049,B.1.p2,GH,"North America / USA / Minnesota",2020/03/13
hCoV-19/USA/MN-UW257/2020,EPI_ISL_418042,"B.1.p2 or B.1",GH,"North America / USA / Minnesota",2020/03/13
hCoV-19/USA/WA-UW252/2020,EPI_ISL_418037,B.1.p2,GH,"North America / USA / Washington",2020/03/16
hCoV-19/USA/MN-UW251/2020,EPI_ISL_418036,B.1.p2,GH,"North America / USA / Minnesota",2020/03/13
hCoV-19/USA/MN-UW243/2020,EPI_ISL_418028,B.1.p2,GH,"North America / USA / Minnesota",2020/03/13
hCoV-19/USA/UT-028/2020,EPI_ISL_417971,B.1.p2,GH,"North America / USA / Utah",2020/03/19
hCoV-19/USA/UT-027/2020,EPI_ISL_417970,B.1.p2,GH,"North America / USA / Utah",2020/03/16
hCoV-19/USA/CA-CZB06/2020,EPI_ISL_417932,B.1.p2,GH,"North America / USA / California / San Francisco",2020/03/18
hCoV-19/USA/WA-UW227/2020,EPI_ISL_417376,B.1.p2,GH,"North America / USA / Washington",2020/03/15
hCoV-19/USA/WA-UW196/2020,EPI_ISL_417345,B.1.p2,GH,"North America / USA / Washington",2020/03/13
hCoV-19/USA/WA-UW123/2020,EPI_ISL_416661,B.1.p2,GH,"North America / USA / Washington",2020/03/12
