"Virus name orf8 repl V62L","GISAID ID",Lineage,"GISAID Clade",Location,"Collection date"
hCoV-19/Korea/KCDC2047/2020,EPI_ISL_471453,A,S,"Asia / South Korea",20-FEB-2020
hCoV-19/USA/WI-WSLH-200094/2020,EPI_ISL_471258,A.3,S,"North America / USA / Wisconsin",2020/03/26
hCoV-19/USA/WI-WSLH-200061/2020,EPI_ISL_471226,A.3,S,"North America / USA / Wisconsin",13-APR-2020
hCoV-19/USA/WI-WSLH-200048/2020,EPI_ISL_471213,A.3,S,"North America / USA / Wisconsin",2020/03/22
"hCoV-19/Northern Ireland/NIRE-FBA37/2020",EPI_ISL_470073,B.1,G,"Europe / United Kingdom / Northern Ireland",11-APR-2020
hCoV-19/England/BRIS-12A3F7/2020,EPI_ISL_469914,B.1.1.10,GR,"Europe / United Kingdom / England",30-APR-2020
hCoV-19/England/BRIS-127B2F/2020,EPI_ISL_469802,B.1.1.10,GR,"Europe / United Kingdom / England",17-APR-2020
hCoV-19/England/BRIS-12803E/2020,EPI_ISL_469790,B.1.1.10,GR,"Europe / United Kingdom / England",16-APR-2020
hCoV-19/England/BRIS-127C77/2020,EPI_ISL_469781,B.1.1.10,GR,"Europe / United Kingdom / England",17-APR-2020
hCoV-19/England/BRIS-1281FF/2020,EPI_ISL_469775,B.1.1.10,GR,"Europe / United Kingdom / England",15-APR-2020
hCoV-19/England/BRIS-128195/2020,EPI_ISL_469748,B.1.1.10,GR,"Europe / United Kingdom / England",16-APR-2020
hCoV-19/England/BRIS-1281A4/2020,EPI_ISL_469740,B.1.1.10,GR,"Europe / United Kingdom / England",16-APR-2020
hCoV-19/England/BRIS-1272C0/2020,EPI_ISL_469686,B.1.1.10,GR,"Europe / United Kingdom / England",23-APR-2020
hCoV-19/England/BRIS-12712D/2020,EPI_ISL_469684,B.1.1.10,GR,"Europe / United Kingdom / England",23-APR-2020
hCoV-19/England/BRIS-1281E0/2020,EPI_ISL_469666,B.1.1.10,GR,"Europe / United Kingdom / England",16-APR-2020
hCoV-19/England/BRIS-12713C/2020,EPI_ISL_469632,B.1.1.10,GR,"Europe / United Kingdom / England",23-APR-2020
hCoV-19/England/BRIS-1281D1/2020,EPI_ISL_469623,B.1.1.10,GR,"Europe / United Kingdom / England",16-APR-2020
hCoV-19/England/BRIS-127C3B/2020,EPI_ISL_469562,B.1.1.10,GR,"Europe / United Kingdom / England",17-APR-2020
hCoV-19/England/BRIS-1280C5/2020,EPI_ISL_469559,B.1.1.10,GR,"Europe / United Kingdom / England",16-APR-2020
hCoV-19/England/BRIS-128010/2020,EPI_ISL_469539,B.1.1.10,GR,"Europe / United Kingdom / England",16-APR-2020
hCoV-19/England/BRIS-1271F0/2020,EPI_ISL_469532,B.1.1.10,GR,"Europe / United Kingdom / England",23-APR-2020
hCoV-19/England/BRIS-12BEF5/2020,EPI_ISL_469443,B.1,GH,"Europe / United Kingdom / England",9-MAY-2020
hCoV-19/England/BRIS-12BC64/2020,EPI_ISL_469440,B.1,GH,"Europe / United Kingdom / England",15-MAY-2020
hCoV-19/England/BRIS-12BC82/2020,EPI_ISL_469408,B.1,GH,"Europe / United Kingdom / England",15-MAY-2020
hCoV-19/England/BRIS-12BC73/2020,EPI_ISL_469353,B.1,GH,"Europe / United Kingdom / England",15-MAY-2020
hCoV-19/England/BRIS-12C10A/2020,EPI_ISL_469349,B.1,GH,"Europe / United Kingdom / England",11-MAY-2020
hCoV-19/England/BRIS-12BE8C/2020,EPI_ISL_469346,B.1.1.10,GR,"Europe / United Kingdom / England",8-MAY-2020
hCoV-19/Spain/Palma2508/2020,EPI_ISL_469002,B.1.5,G,"Europe / Spain / Balear_Islands / Palma",2020/03/21
hCoV-19/USA/CA-QDX-111/2020,EPI_ISL_468563,A.3,S,"North America / USA / California",2020/03/13
hCoV-19/USA/CA-CZB-1513/2020,EPI_ISL_468460,A.3,S,"North America / USA / California / Humboldt County",13-APR-2020
hCoV-19/USA/CA-CZB-1508/2020,EPI_ISL_468455,A.3,S,"North America / USA / California / Humboldt County",1-APR-2020
hCoV-19/Australia/SAP216/2020,EPI_ISL_468000,A.3,S,"Oceania / Australia / South Australia",2020/03/15
hCoV-19/Australia/SAP170/2020,EPI_ISL_467985,A.3,S,"Oceania / Australia / South Australia",2020/03/13
hCoV-19/USA/UT-QDX-63/2020,EPI_ISL_467921,A.3,S,"North America / USA / Utah",2020/03/13
hCoV-19/USA/UT-QDX-57/2020,EPI_ISL_467920,A.3,S,"North America / USA / Utah",2020/03/12
hCoV-19/USA/UT-QDX-49/2020,EPI_ISL_467919,A.3,S,"North America / USA / Utah",2020/03/13
hCoV-19/USA/UT-QDX-119/2020,EPI_ISL_467910,A.3,S,"North America / USA / Utah",2020/03/13
hCoV-19/USA/NY-QDX-19/2020,EPI_ISL_467897,A.3,S,"North America / USA / New York",2020/03/16
hCoV-19/USA/NY-QDX-112/2020,EPI_ISL_467884,B.1,GH,"North America / USA / New York",2020/03/15
hCoV-19/USA/MI-QDX-58/2020,EPI_ISL_467871,A.3,S,"North America / USA / Michigan",2020/03/15
hCoV-19/USA/MA-QDX-61/2020,EPI_ISL_467862,A.3,S,"North America / USA / Massachusetts",2020/03/14
hCoV-19/USA/MA-QDX-150/2020,EPI_ISL_467855,A.3,S,"North America / USA / Massachusetts",2020/03/14
hCoV-19/USA/GA-QDX-53/2020,EPI_ISL_467849,A.3,S,"North America / USA / Georgia",2020/03/13
hCoV-19/USA/GA-QDX-152/2020,EPI_ISL_467848,A.3,S,"North America / USA / Georgia",2020/03/13
hCoV-19/USA/GA-QDX-122/2020,EPI_ISL_467847,A.3,S,"North America / USA / Georgia",2020/03/13
hCoV-19/USA/GA-QDX-116/2020,EPI_ISL_467846,A.3,S,"North America / USA / Georgia",2020/03/13
hCoV-19/USA/GA-QDX-115/2020,EPI_ISL_467845,A.3,S,"North America / USA / Georgia",2020/03/13
hCoV-19/USA/CA-QDX-148/2020,EPI_ISL_467814,A.3,S,"North America / USA / California",2020/03/16
hCoV-19/USA/NY-NYUMC894/2020,EPI_ISL_467387,A.3,S,"North America / USA / New York / Brooklyn",30-APR-2020
hCoV-19/Brazil/RJ-2868/2020,EPI_ISL_467371,B.1.1,GR,"South America / Brazil / Rio de Janeiro / RIO DE JANEIRO",28-APR-2020
hCoV-19/Canada/BC_02091552/2020,EPI_ISL_466716,A.3,S,"North America / Canada / British Columbia",APR-2020
hCoV-19/England/20168032004/2020,EPI_ISL_466606,B.3,L,"Europe / United Kingdom / England",16-APR-2020
hCoV-19/England/20168027004/2020,EPI_ISL_466604,B.3,L,"Europe / United Kingdom / England",16-APR-2020
hCoV-19/England/20166016104/2020,EPI_ISL_466540,B.1.1,GR,"Europe / United Kingdom / England",15-APR-2020
hCoV-19/England/20144037004/2020,EPI_ISL_465998,B.3,L,"Europe / United Kingdom / England",2020/03/31
hCoV-19/England/201390359/2020,EPI_ISL_465844,B.1.5,G,"Europe / United Kingdom / England",2020/03/27
hCoV-19/England/20134087404/2020,EPI_ISL_465815,B.1.1.7,GR,"Europe / United Kingdom / England",2020/03/25
hCoV-19/Canada/Qc-L00240796/2020,EPI_ISL_465686,A.3,S,"North America / Canada / Quebec",2020/03/27
hCoV-19/England/20184043104/2020,EPI_ISL_465457,B.1.1.10,GR,"Europe / United Kingdom / England",29-APR-2020
hCoV-19/England/20119063104/2020,EPI_ISL_465086,B.1.1.10,GR,"Europe / United Kingdom / England",2020/03/13
hCoV-19/England/20118143104/2020,EPI_ISL_464972,B.3,L,"Europe / United Kingdom / England",2020/03/12
hCoV-19/USA/VI-CDC-3638/2020,EPI_ISL_464167,A.3,S,"North America / USA / Virgin Islands",2020/03/19
hCoV-19/Taiwan/CGMH-CGU-29/2020,EPI_ISL_464093,A.3,S,"Asia / Taiwan / Taoyuan",2-APR-2020
hCoV-19/Canada/ON_MU-S7/2020,EPI_ISL_463993,A.3,S,"North America / Canada / Toronto",2020/03/13
"hCoV-19/United Arab Emirates/P1/2020",EPI_ISL_463740,A.3,S,"Asia / United Arab Emirates",2020/03/30
hCoV-19/USA/SC-DHEC-0002/2020,EPI_ISL_462991,A.3,O,"North America / USA",11-MAY-2020
hCoV-19/USA/WY-WYPHL-00029/2020,EPI_ISL_462922,A,S,"North America / USA / Wyoming",2020/03/21
hCoV-19/USA/MI-MDHHS-SC20556/2020,EPI_ISL_462638,B.1,GH,"North America / USA / Michigan",29-APR-2020
hCoV-19/Singapore/267/2020,EPI_ISL_462385,B.1.1.10,GR,"Asia / Singapore",2020/03/21
hCoV-19/Singapore/232/2020,EPI_ISL_462350,A.3,S,"Asia / Singapore",2020/03/31
hCoV-19/England/NORW-EB1F9/2020,EPI_ISL_461887,B.1.1,GR,"Europe / United Kingdom / England",3-MAY-2020
hCoV-19/England/NORW-EA664/2020,EPI_ISL_461861,B.1.1,GR,"Europe / United Kingdom / England",21-MAY-2020
hCoV-19/Netherlands/ZuidHolland_152/2020,EPI_ISL_461325,B.1.1.10,GR,"Europe / Netherlands / Zuid Holland",28-APR-2020
hCoV-19/Netherlands/NA_709/2020,EPI_ISL_461144,B.1.1.10,GR,"Europe / Netherlands",12-MAY-2020
hCoV-19/Netherlands/Overijssel_7/2020,EPI_ISL_460826,B.1,G,"Europe / Netherlands / Overijssel",7-APR-2020
hCoV-19/Netherlands/Overijssel_10/2020,EPI_ISL_460799,B.1,G,"Europe / Netherlands / Overijssel",8-APR-2020
hCoV-19/USA/MA-MGH-00004/2020,EPI_ISL_460467,A.3,S,"North America / USA / Massachusetts",2020/03/11
hCoV-19/USA/MA-MGH-00566/2020,EPI_ISL_460285,A.3,S,"North America / USA / Massachusetts",2020/03/22
hCoV-19/USA/MA-MGH-00206/2020,EPI_ISL_460242,B.1,GH,"North America / USA / Massachusetts",2020/03/27
hCoV-19/USA/MA-MGH-00555/2020,EPI_ISL_460232,A.3,S,"North America / USA / Massachusetts",2020/03/22
hCoV-19/USA/MA-MGH-00614/2020,EPI_ISL_460205,A.3,S,"North America / USA / Massachusetts",2020/03/28
hCoV-19/USA/MA-MGH-00563/2020,EPI_ISL_460186,A.3,S,"North America / USA / Massachusetts",2020/03/22
hCoV-19/USA/MA-MGH-00174/2020,EPI_ISL_460179,A.3,S,"North America / USA / Massachusetts",2020/03/26
hCoV-19/USA/MA-MGH-00145/2020,EPI_ISL_460170,A.3,S,"North America / USA / Massachusetts",2020/03/26
hCoV-19/USA/MA-MGH-00143/2020,EPI_ISL_460114,A.3,S,"North America / USA / Massachusetts",2020/03/26
hCoV-19/USA/MN-MDH-91/2020,EPI_ISL_460072,A.3,S,"North America / USA / Minnesota",2020/03/15
hCoV-19/USA/MN-MDH-139/2020,EPI_ISL_460052,A.3,S,"North America / USA / Minnesota",2020/03/21
hCoV-19/USA/MI-MDHHS-SC20469/2020,EPI_ISL_460008,A.3,S,"North America / USA / Michigan",2020/03/26
hCoV-19/India/MaxCov0003_CSIR-IGIB/2020,EPI_ISL_459911,B.6,O,"Asia / India / Delhi",9-MAY-2020
"hCoV-19/Northern Ireland/NIRE-FC9B1/2020",EPI_ISL_459369,B.1,G,"Europe / United Kingdom / Northern Ireland",21-APR-2020
hCoV-19/England/BRIS-125F8F/2020,EPI_ISL_459092,B.1.1.7,GR,"Europe / United Kingdom / England",10-APR-2020
hCoV-19/England/BRIS-126267/2020,EPI_ISL_459082,B.1.1.10,GR,"Europe / United Kingdom / England",10-APR-2020
hCoV-19/England/BRIS-1268B0/2020,EPI_ISL_459067,B.1,O,"Europe / United Kingdom / England",9-APR-2020
hCoV-19/England/BRIS-126346/2020,EPI_ISL_459046,B.1.1.10,GR,"Europe / United Kingdom / England",10-APR-2020
hCoV-19/England/BRIS-1268FC/2020,EPI_ISL_459041,B.1.1.10,GR,"Europe / United Kingdom / England",9-APR-2020
hCoV-19/England/BRIS-126364/2020,EPI_ISL_458966,B.1.1.10,GR,"Europe / United Kingdom / England",10-APR-2020
hCoV-19/England/BRIS-126285/2020,EPI_ISL_458938,B.1.1.10,GR,"Europe / United Kingdom / England",10-APR-2020
hCoV-19/England/BRIS-1262FE/2020,EPI_ISL_458934,B.1.1.10,GR,"Europe / United Kingdom / England",10-APR-2020
hCoV-19/England/BRIS-12630A/2020,EPI_ISL_458926,B.1.1.10,GR,"Europe / United Kingdom / England",10-APR-2020
hCoV-19/England/BRIS-126258/2020,EPI_ISL_458923,B.1.1.10,GR,"Europe / United Kingdom / England",10-APR-2020
hCoV-19/England/BRIS-126373/2020,EPI_ISL_458912,B.1.1.10,GR,"Europe / United Kingdom / England",10-APR-2020
hCoV-19/England/BRIS-128B00/2020,EPI_ISL_458886,B.1.1.10,GR,"Europe / United Kingdom / England",14-APR-2020
hCoV-19/England/BRIS-129219/2020,EPI_ISL_458867,B.1.1.10,GR,"Europe / United Kingdom / England",19-APR-2020
hCoV-19/England/BRIS-1291A3/2020,EPI_ISL_458856,B.1.1.10,GR,"Europe / United Kingdom / England",19-APR-2020
hCoV-19/England/BRIS-129176/2020,EPI_ISL_458822,B.1.1.10,GR,"Europe / United Kingdom / England",19-APR-2020
hCoV-19/England/BRIS-12920A/2020,EPI_ISL_458816,B.1.1.10,GR,"Europe / United Kingdom / England",19-APR-2020
hCoV-19/England/BRIS-1296C2/2020,EPI_ISL_458802,B.1.1.10,GR,"Europe / United Kingdom / England",1-APR-2020
hCoV-19/England/BRIS-1296D1/2020,EPI_ISL_458770,B.1.1.10,GR,"Europe / United Kingdom / England",2020/03/31
hCoV-19/England/BRIS-1291EF/2020,EPI_ISL_458761,B.1.1.10,GR,"Europe / United Kingdom / England",19-APR-2020
hCoV-19/England/BRIS-129237/2020,EPI_ISL_458756,B.1.1.10,GR,"Europe / United Kingdom / England",19-APR-2020
hCoV-19/England/BRIS-128B3D/2020,EPI_ISL_458745,B.1.1.10,GR,"Europe / United Kingdom / England",14-APR-2020
hCoV-19/England/BRIS-129246/2020,EPI_ISL_458743,B.1.1.10,GR,"Europe / United Kingdom / England",18-APR-2020
hCoV-19/England/BRIS-1291C1/2020,EPI_ISL_458740,B.1.1.10,GR,"Europe / United Kingdom / England",19-APR-2020
hCoV-19/England/BRIS-128B2E/2020,EPI_ISL_458732,B.1.1.10,GR,"Europe / United Kingdom / England",14-APR-2020
hCoV-19/England/BRIS-1291FE/2020,EPI_ISL_458726,B.1.1.10,GR,"Europe / United Kingdom / England",19-APR-2020
hCoV-19/England/BRIS-12AEF6/2020,EPI_ISL_458508,B.1.1.10,GR,"Europe / United Kingdom / England",1-MAY-2020
hCoV-19/England/BRIS-12AEE7/2020,EPI_ISL_458470,B.1.1.10,GR,"Europe / United Kingdom / England",1-MAY-2020
hCoV-19/England/BRIS-12AAF2/2020,EPI_ISL_458462,B.1.1.10,GR,"Europe / United Kingdom / England",30-APR-2020
hCoV-19/England/BRIS-12A755/2020,EPI_ISL_458431,B.1.1.10,GR,"Europe / United Kingdom / England",1-MAY-2020
hCoV-19/England/BRIS-12A351/2020,EPI_ISL_458421,B.1.1.10,GR,"Europe / United Kingdom / England",30-APR-2020
hCoV-19/England/BRIS-12A403/2020,EPI_ISL_458362,B.1.1.10,GR,"Europe / United Kingdom / England",30-APR-2020
hCoV-19/USA/MD-HP00120/2020,EPI_ISL_457813,A.3,S,"North America / USA / Maryland",2020/03/19
hCoV-19/USA/MD-HP00065/2020,EPI_ISL_457807,A.3,S,"North America / USA / Maryland",2020/03/15
hCoV-19/USA/MD-HP00031/2020,EPI_ISL_457789,A.3,S,"North America / USA / Maryland",2020/03/16
hCoV-19/USA/MD-HP00154/2020,EPI_ISL_457783,A.3,S,"North America / USA / Maryland",2020/03/29
hCoV-19/USA/MD-HP00153/2020,EPI_ISL_457782,A.3,S,"North America / USA / Maryland",2020/03/24
hCoV-19/USA/MD-HP00113/2020,EPI_ISL_457768,A.3,S,"North America / USA / Maryland",2020/03/14
hCoV-19/USA/MD-HP00112/2020,EPI_ISL_457767,A.3,S,"North America / USA / Maryland",2020/03/29
hCoV-19/USA/MD-HP00098/2020,EPI_ISL_457762,A.3,S,"North America / USA / Maryland",2020/03/26
hCoV-19/USA/MD-HP00086/2020,EPI_ISL_457756,A.3,S,"North America / USA / Maryland",2020/03/20
hCoV-19/England/NORW-EC8C6/2020,EPI_ISL_457570,B.1.1,GR,"Europe / United Kingdom / England",17-MAY-2020
hCoV-19/England/NORW-EC77E/2020,EPI_ISL_457560,B.1.1,GR,"Europe / United Kingdom / England",11-MAY-2020
hCoV-19/England/NORW-EC750/2020,EPI_ISL_457558,B.1.1,GR,"Europe / United Kingdom / England",11-MAY-2020
hCoV-19/England/NORW-EC6AE/2020,EPI_ISL_457549,B.1.1,GR,"Europe / United Kingdom / England",10-MAY-2020
hCoV-19/England/NORW-EC680/2020,EPI_ISL_457547,B.1.1,GR,"Europe / United Kingdom / England",10-MAY-2020
hCoV-19/England/NORW-EC671/2020,EPI_ISL_457546,B.1.1,GR,"Europe / United Kingdom / England",10-MAY-2020
hCoV-19/England/NORW-EC4E0/2020,EPI_ISL_457530,B.1.1,GR,"Europe / United Kingdom / England",10-MAY-2020
hCoV-19/England/NORW-EC3E3/2020,EPI_ISL_457522,B.1.1,GR,"Europe / United Kingdom / England",12-MAY-2020
hCoV-19/England/NORW-EB9A6/2020,EPI_ISL_457462,B.1.1,GR,"Europe / United Kingdom / England",7-MAY-2020
hCoV-19/England/NORW-EB93D/2020,EPI_ISL_457457,B.1.1,GR,"Europe / United Kingdom / England",8-MAY-2020
hCoV-19/England/NORW-EB663/2020,EPI_ISL_457452,B.1.1,GR,"Europe / United Kingdom / England",1-MAY-2020
hCoV-19/England/NORW-EB609/2020,EPI_ISL_457448,B.1.1,GR,"Europe / United Kingdom / England",1-MAY-2020
hCoV-19/England/NORW-EB4A5/2020,EPI_ISL_457435,"B.1.1 or B.1.1.10",GR,"Europe / United Kingdom / England",2-MAY-2020
hCoV-19/England/NORW-EB3E4/2020,EPI_ISL_457428,"B.1.1 or B.1.1.10",GR,"Europe / United Kingdom / England",2-MAY-2020
hCoV-19/England/NORW-EB38A/2020,EPI_ISL_457424,"B.1.1 or B.1.1.10",GR,"Europe / United Kingdom / England",3-MAY-2020
hCoV-19/England/NORW-EB2F6/2020,EPI_ISL_457416,B.1.1,GR,"Europe / United Kingdom / England",1-MAY-2020
hCoV-19/England/NORW-EAF3C/2020,EPI_ISL_457394,B.1,G,"Europe / United Kingdom / England",30-APR-2020
hCoV-19/England/NORW-EAE6C/2020,EPI_ISL_457385,B.1.1,GR,"Europe / United Kingdom / England",1-MAY-2020
hCoV-19/England/NORW-EAE3F/2020,EPI_ISL_457383,B.1.1,GR,"Europe / United Kingdom / England",1-MAY-2020
hCoV-19/England/NORW-EADD8/2020,EPI_ISL_457378,B.1.1.10,GR,"Europe / United Kingdom / England",29-APR-2020
hCoV-19/England/NORW-EA400/2020,EPI_ISL_457344,B.1.1,GR,"Europe / United Kingdom / England",13-MAY-2020
hCoV-19/USA/UN-NR-52282/2020,EPI_ISL_456656,A,S,"North America / USA",2020/03/23
"hCoV-19/New Zealand/20VR1275/2020",EPI_ISL_456200,A.3,S,"Oceania / New Zealand / Auckland",2020/03/20
"hCoV-19/New Zealand/20VR0987/2020",EPI_ISL_456172,A.3,S,"Oceania / New Zealand / Auckland",2020/03/17
hCoV-19/USA/LA-EVTL155/2020,EPI_ISL_455998,A.3,S,"North America/ USA/ Louisiana",1-APR-2020
hCoV-19/USA/GA-EHC-087I/2020,EPI_ISL_455360,A.3,S,"North America / USA / Georgia",2020/03/10
hCoV-19/USA/GA-EHC-086H/2020,EPI_ISL_455356,A.3,S,"North America / USA / Georgia",2020/03/10
hCoV-19/USA/GA-EHC-009I/2020,EPI_ISL_455355,A.3,S,"North America / USA / Georgia",2020/03/13
hCoV-19/Wuhan/HB-WH6-246/2020,EPI_ISL_454983,A,O,"Asia / China / Hubei / Wuhan",2020/03/12
hCoV-19/Wuhan/HB-WH5-231/2020,EPI_ISL_454974,A,O,"Asia / China / Hubei / Wuhan",17-FEB-2020
hCoV-19/Wuhan/HB-WH5-227/2020,EPI_ISL_454972,A,O,"Asia / China / Hubei / Wuhan",2020/03/17
hCoV-19/USA/NC_200253/2020,EPI_ISL_454826,A.3,S,"North America / USA / North Carolina",2020/03/01
hCoV-19/USA/NC_200330/2020,EPI_ISL_454824,A.3,S,"North America / USA / North Carolina",2020/03/01
hCoV-19/USA/NC_200312/2020,EPI_ISL_454817,A.3,S,"North America / USA / North Carolina",2020/03/01
hCoV-19/USA/NC_200259/2020,EPI_ISL_454808,A.3,S,"North America / USA / North Carolina",2020/03/01
hCoV-19/USA/NC_200255/2020,EPI_ISL_454806,A.3,S,"North America / USA / North Carolina",2020/03/01
hCoV-19/USA/NC_200243/2020,EPI_ISL_454801,A.3,S,"North America / USA / North Carolina",2020/03/01
hCoV-19/USA/NC_200242/2020,EPI_ISL_454800,A.3,S,"North America / USA / North Carolina",2020/03/01
hCoV-19/USA/CA-CZB-1281/2020,EPI_ISL_454639,A.3,S,"North America / USA / California / Humboldt County",1-APR-2020
hCoV-19/USA/CA-CZB-1280/2020,EPI_ISL_454638,A.3,S,"North America / USA / California / Humboldt County",2020/03/31
hCoV-19/USA/MDH-8137/2020,EPI_ISL_454430,A.3,S,"North America / USA / Maryland",2020/03/13
hCoV-19/USA/PA-MGEL110/2020,EPI_ISL_454387,A.3,S,"North America / USA / Pennsylvania / Pittsburgh",4-APR-2020
hCoV-19/USA/PA-MGEL107/2020,EPI_ISL_454384,A.3,S,"North America / USA / Pennsylvania / Pittsburgh",2020/03/31
hCoV-19/England/NORW-E93B9/2020,EPI_ISL_453596,B.1.1,GR,"Europe / United Kingdom / England",27-APR-2020
hCoV-19/England/NORW-E8E31/2020,EPI_ISL_453560,B.1.1.10,GR,"Europe / United Kingdom / England",26-APR-2020
hCoV-19/England/NORW-E70C3/2020,EPI_ISL_453551,B.1.1.10,GR,"Europe / United Kingdom / England",22-APR-2020
hCoV-19/England/NORT-289C27/2020,EPI_ISL_453513,B.2,V,"Europe / United Kingdom / England",4-APR-2020
hCoV-19/USA/MI-MDHHS-SC20451/2020,EPI_ISL_452325,A.3,S,"North America / USA / Michigan",2020/03/19
hCoV-19/USA/MI-MDHHS-SC20394/2020,EPI_ISL_452268,A.3,S,"North America / USA / Michigan",2020/03/24
hCoV-19/USA/IN-CDC-2013/2020,EPI_ISL_452131,A.3,O,"North America / USA / Indiana",2020/03/09
hCoV-19/USA/GA-CDC-2059/2020,EPI_ISL_452125,A.3,O,"North America / USA / Georgia",2020/03/07
hCoV-19/USA/TX-CDC-8001/2020,EPI_ISL_452115,A.3,S,"North America / USA / Texas",2020/03/11
hCoV-19/USA/MN-CDC-0108/2020,EPI_ISL_452113,A.3,O,"North America / USA / Minnesota",2020/03/10
hCoV-19/USA/FL-CDC-2718/2020,EPI_ISL_452111,A.3,O,"North America / USA / Florida",2020/03/09
hCoV-19/Denmark/ALAB-HH-241/2020,EPI_ISL_452081,"B.1.p42 or B.1",GH,"Europe / Denmark",27-APR-2020
hCoV-19/Denmark/ALAB-HH-219/2020,EPI_ISL_452070,"B.1.p42 or B.1",GH,"Europe / Denmark",27-APR-2020
hCoV-19/Australia/NSW374/2020,EPI_ISL_451634,A.3,O,"Oceania / Australia / New South Wales / Sydney",2020/03/21
hCoV-19/USA/NY-NYUMC754/2020,EPI_ISL_451468,A.3,S,"North America / USA / New York / Nassau County",2020/03/20
hCoV-19/USA/NY-NYUMC728/2020,EPI_ISL_451443,A.3,S,"North America / USA / New York / Nassau County",2020/03/26
hCoV-19/Australia/SAP154/2020,EPI_ISL_451148,A.3,S,"Oceania / Australia / South Australia",2020/03/23
hCoV-19/USA/FL-BPHL-0115/2020,EPI_ISL_450849,A.3,S,"North America / USA / Florida",9-APR-2020
hCoV-19/USA/PA-CDC-8398/2020,EPI_ISL_450802,A.3,O,"North America/ USA / Pennsylvania",2020/03/31
hCoV-19/USA/IL-UW-349/2020,EPI_ISL_450703,A.3,S,"North America / USA / Illinois",15-APR-2020
hCoV-19/USA/MI-MDHHS-SC20373/2020,EPI_ISL_450583,A.3,S,"North America / USA / Michigan",2020/03/17
hCoV-19/USA/CA-CZB-1202/2020,EPI_ISL_450451,B.1.1.10,GR,"North America / USA / California / Santa Clara County",2020/03/26
hCoV-19/Australia/VIC349/2020,EPI_ISL_450213,A.3,S,"Oceania / Australia / Victoria",2020/03/20
hCoV-19/Australia/VIC182/2020,EPI_ISL_450212,A.3,S,"Oceania / Australia / Victoria",2020/03/19
hCoV-19/USA/NY-PV09466/2020,EPI_ISL_450139,A.3,S,"North America / USA / New York / Bronx",2020/03/19
hCoV-19/USA/NY-PV09438/2020,EPI_ISL_450115,A.3,S,"North America / USA / New York",2020/03/10
hCoV-19/Scotland/EDB4656/2020,EPI_ISL_449316,B.1.p11,G,"Europe / United Kingdom / Scotland",8-MAY-2020
hCoV-19/Scotland/EDB4654/2020,EPI_ISL_449315,B.1.p11,G,"Europe / United Kingdom / Scotland",8-MAY-2020
hCoV-19/Scotland/EDB3961/2020,EPI_ISL_449261,B.1.p11,O,"Europe / United Kingdom / Scotland",3-MAY-2020
hCoV-19/England/NORW-E852D/2020,EPI_ISL_449159,B.1.1.10,GR,"Europe / United Kingdom / England",18-APR-2020
hCoV-19/England/NORW-E8420/2020,EPI_ISL_449151,B.1.1,GR,"Europe / United Kingdom / England",18-APR-2020
hCoV-19/England/NORW-E8411/2020,EPI_ISL_449150,B.1.1,GR,"Europe / United Kingdom / England",18-APR-2020
hCoV-19/England/NORW-E7290/2020,EPI_ISL_449016,B.1.1,GR,"Europe / United Kingdom / England",19-APR-2020
hCoV-19/England/NORW-E7078/2020,EPI_ISL_449001,B.1.1,GR,"Europe / United Kingdom / England",19-APR-2020
hCoV-19/England/SHEF-CF094/2020,EPI_ISL_448894,B.1.1.10,GR,"Europe / United Kingdom / England",2020/03/31
hCoV-19/England/OXON-ADB7D/2020,EPI_ISL_448618,B.1,G,"Europe / United Kingdom / England",2020
hCoV-19/England/OXON-AD937/2020,EPI_ISL_448604,B.1,G,"Europe / United Kingdom / England",2020
hCoV-19/England/NORW-E9E6D/2020,EPI_ISL_448374,B.1.1,GR,"Europe / United Kingdom / England",3-MAY-2020
hCoV-19/England/NORW-E9E5E/2020,EPI_ISL_448373,B.1.1.10,GR,"Europe / United Kingdom / England",1-MAY-2020
hCoV-19/England/NORW-E946B/2020,EPI_ISL_448314,B.1.1,GR,"Europe / United Kingdom / England",22-APR-2020
hCoV-19/England/NORW-E8CEC/2020,EPI_ISL_448301,B.1.1.10,GR,"Europe / United Kingdom / England",14-APR-2020
hCoV-19/England/NORW-E8B0D/2020,EPI_ISL_448279,B.1.1,GR,"Europe / United Kingdom / England",13-APR-2020
hCoV-19/England/NORW-E8772/2020,EPI_ISL_448230,B.1.1.10,GR,"Europe / United Kingdom / England",13-APR-2020
hCoV-19/Scotland/CVR1501/2020,EPI_ISL_448117,A.3,S,"Europe / United Kingdom / Scotland",3-APR-2020
hCoV-19/India/CCMB_K500/2020,EPI_ISL_447866,B.6,O,"Asia / India / Telangana",14-APR-2020
hCoV-19/India/CCMB_J223/2020,EPI_ISL_447851,B,O,"Asia / India / Telangana",1-APR-2020
hCoV-19/USA/MI-MDHHS-SC20242/2020,EPI_ISL_447212,A.3,S,"North America / USA / Michigan",2020/03/23
hCoV-19/USA/MI-MDHHS-SC20231/2020,EPI_ISL_447201,A.3,S,"North America / USA / Michigan",2020/03/22
hCoV-19/USA/MI-MDHHS-SC20222/2020,EPI_ISL_447192,A.3,S,"North America / USA / Michigan",2020/03/18
hCoV-19/USA/MI-MDHHS-SC20202/2020,EPI_ISL_447173,A.3,S,"North America / USA / Michigan",2020/03/19
hCoV-19/India/GBRC71/2020,EPI_ISL_447048,B.1.36,GH,"Asia / India / Gujarat / Gandhinagar",27-APR-2020
hCoV-19/Wales/PHWC-32ECF/2020,EPI_ISL_446704,B.1.1.1,GR,"Europe / United Kingdom / Wales",14-APR-2020
hCoV-19/Wales/PHWC-32E47/2020,EPI_ISL_446696,B.1.1.1,GR,"Europe / United Kingdom / Wales",14-APR-2020
hCoV-19/Wales/PHWC-31895/2020,EPI_ISL_446498,B.1.1.1,GR,"Europe / United Kingdom / Wales",10-APR-2020
hCoV-19/Wales/PHWC-2B48B/2020,EPI_ISL_445715,B.1.1.1,GR,"Europe / United Kingdom / Wales",11-APR-2020
hCoV-19/Wales/PHWC-2A422/2020,EPI_ISL_445567,B.1.1.1,GR,"Europe / United Kingdom / Wales",6-APR-2020
hCoV-19/Wales/PHWC-2A237/2020,EPI_ISL_445540,B.1.1,GR,"Europe / United Kingdom / Wales",5-APR-2020
hCoV-19/Wales/PHWC-2A228/2020,EPI_ISL_445539,B.1.1,GR,"Europe / United Kingdom / Wales",5-APR-2020
hCoV-19/USA/TX_GCID_192000135/2020,EPI_ISL_445084,A.3,S,"North America / USA / Texas / Houston",2020/03/25
hCoV-19/USA/FL-BPHL-0081/2020,EPI_ISL_445024,A.3,S,"North America / USA / Florida",30-APR-2020
hCoV-19/USA/NY-NYUMC671/2020,EPI_ISL_444788,B.1,GH,"North America / USA / New York / Nassau County",2020/03/17
hCoV-19/USA/NY-NYUMC565/2020,EPI_ISL_444682,A.3,S,"North America / USA / New York / Brooklyn",2020/03/30
hCoV-19/USA/IL-NM0121/2020,EPI_ISL_444604,A.3,S,"North America / USA / Illinois / Chicago",2020/03/21
hCoV-19/USA/IL-NM0120/2020,EPI_ISL_444603,A.3,S,"North America / USA / Illinois / Chicago",2020/03/21
hCoV-19/USA/IL-NM0119/2020,EPI_ISL_444602,A.3,S,"North America / USA / Illinois / Chicago",2020/03/21
hCoV-19/USA/IL-NM0113/2020,EPI_ISL_444597,A.3,S,"North America / USA / Illinois / Chicago",2020/03/19
hCoV-19/USA/IL-NM0112/2020,EPI_ISL_444596,A.3,S,"North America / USA / Illinois / Chicago",2020/03/20
hCoV-19/USA/IL-NM0109/2020,EPI_ISL_444594,A.3,S,"North America / USA / Illinois / Chicago",2020/03/20
hCoV-19/USA/IL-NM0103/2020,EPI_ISL_444588,A,O,"North America / USA / Illinois / Chicago",2020/03/21
hCoV-19/USA/IL-NM097/2020,EPI_ISL_444585,A,O,"North America / USA / Illinois / Chicago",2020/03/15
hCoV-19/USA/IL-NM087/2020,EPI_ISL_444577,A.3,S,"North America / USA / Illinois / Chicago",2020/03/19
hCoV-19/USA/IL-NM082/2020,EPI_ISL_444573,A.3,S,"North America / USA / Illinois / Chicago",2020/03/19
hCoV-19/USA/IL-NM081/2020,EPI_ISL_444572,A.3,S,"North America / USA / Illinois / Chicago",2020/03/19
hCoV-19/USA/IL-NM074/2020,EPI_ISL_444569,A.3,S,"North America / USA / Illinois / Chicago",2020/03/16
hCoV-19/USA/IL-NM072/2020,EPI_ISL_444567,A.3,S,"North America / USA / Illinois / Chicago",2020/03/18
hCoV-19/USA/IL-NM071/2020,EPI_ISL_444566,A.3,S,"North America / USA / Illinois / Chicago",2020/03/18
hCoV-19/USA/IL-NM070/2020,EPI_ISL_444565,A.3,S,"North America / USA / Illinois / Chicago",2020/03/18
hCoV-19/USA/IL-NM069/2020,EPI_ISL_444564,A.3,S,"North America / USA / Illinois / Chicago",2020/03/18
hCoV-19/USA/IL-NM068/2020,EPI_ISL_444563,A.3,S,"North America / USA / Illinois / Chicago",2020/03/18
hCoV-19/USA/IL-NM067/2020,EPI_ISL_444562,A.3,S,"North America / USA / Illinois / Chicago",2020/03/18
hCoV-19/USA/IL-NM066/2020,EPI_ISL_444561,A.3,S,"North America / USA / Illinois / Chicago",2020/03/18
hCoV-19/USA/IL-NM064/2020,EPI_ISL_444559,A.3,S,"North America / USA / Illinois / Chicago",2020/03/18
hCoV-19/USA/IL-NM059/2020,EPI_ISL_444555,A.3,S,"North America / USA / Illinois / Chicago",2020/03/18
hCoV-19/USA/IL-NM053/2020,EPI_ISL_444549,A.3,S,"North America / USA / Illinois / Chicago",2020/03/15
hCoV-19/USA/IL-NM043/2020,EPI_ISL_444543,A.3,S,"North America / USA / Illinois / Chicago",2020/03/14
hCoV-19/USA/IL-NM030/2020,EPI_ISL_444539,A.3,S,"North America / USA / Illinois / Chicago",2020/03/16
hCoV-19/USA/IL-NM020/2020,EPI_ISL_444530,A.3,S,"North America / USA / Illinois / Chicago",2020/03/16
hCoV-19/England/LOND-D4490/2020,EPI_ISL_444126,B.1.1.10,GR,"Europe / United Kingdom / England",8-APR-2020
hCoV-19/England/BRIS-12506E/2020,EPI_ISL_443991,B.1.1.10,GR,"Europe / United Kingdom / England",2020/03/26
hCoV-19/England/BRIS-1233EF/2020,EPI_ISL_442786,B.1.1.10,GR,"Europe / United Kingdom / England",6-APR-2020
hCoV-19/England/CAMB-7E01C/2020,EPI_ISL_442070,B.3,L,"Europe / United Kingdom / England",6-APR-2020
hCoV-19/England/NOTT-110A0E/2020,EPI_ISL_441885,B.1.1.1,GR,"Europe / United Kingdom / England",30-APR-2020
hCoV-19/England/CAMB-780D6/2020,EPI_ISL_441835,B.1,G,"Europe / United Kingdom / England",1-APR-2020
hCoV-19/England/LOND-D365F/2020,EPI_ISL_440969,B.1.1.10,GR,"Europe / United Kingdom / England",2-APR-2020
hCoV-19/England/CAMB-77E0A/2020,EPI_ISL_440844,B.1.1.10,GR,"Europe / United Kingdom / England",1-APR-2020
hCoV-19/Scotland/EDB3802/2020,EPI_ISL_439330,B.1.p11,G,"Europe / United Kingdom / Scotland",29-APR-2020
hCoV-19/Scotland/EDB3658/2020,EPI_ISL_439309,B.1.p11,G,"Europe / United Kingdom / Scotland",28-APR-2020
hCoV-19/Scotland/CVR876/2020,EPI_ISL_439126,A.3,S,"Europe / United Kingdom / Scotland",2020/03/27
hCoV-19/Scotland/CVR246/2020,EPI_ISL_438911,A.3,S,"Europe / United Kingdom / Scotland",2020/03/19
hCoV-19/Scotland/CVR1573/2020,EPI_ISL_438841,A.3,S,"Europe / United Kingdom / Scotland",4-APR-2020
hCoV-19/Scotland/CVR1499/2020,EPI_ISL_438829,A.3,S,"Europe / United Kingdom / Scotland",3-APR-2020
hCoV-19/USA/MD-HP00104/2020,EPI_ISL_438246,A.3,S,"North America / USA / Maryland",2020/03/18
hCoV-19/USA/MD-HP00087/2020,EPI_ISL_438241,A.3,S,"North America / USA / Maryland",2020/03/30
hCoV-19/USA/MD-HP00076/2020,EPI_ISL_438234,A.3,S,"North America / USA / Maryland",2020/03/11
hCoV-19/USA/IN-Lilly-IPB0170-14bc04/2020,EPI_ISL_437455,A.3,S,"North America / USA / Indiana / Indianapolis",2020/03/24
hCoV-19/USA/MN-MDH-470/2020,EPI_ISL_437374,A.3,S,"North America / USA / Minnesota",10-APR-2020
hCoV-19/USA/MI-MDHHS-SC20058/2020,EPI_ISL_437145,A.3,S,"North America / USA / Michigan",2020/03/21
hCoV-19/USA/MI-MDHHS-SC20052/2020,EPI_ISL_437139,A.3,S,"North America / USA / Michigan",2020/03/20
hCoV-19/USA/MI-MDHHS-SC20050/2020,EPI_ISL_437137,A.3,S,"North America / USA / Michigan",2020/03/19
hCoV-19/USA/MI-MDHHS-SC20042/2020,EPI_ISL_437129,A.3,S,"North America / USA / Michigan",2020/03/19
hCoV-19/USA/MI-MDHHS-SC20035/2020,EPI_ISL_437122,A.3,S,"North America / USA / Michigan",2020/03/18
hCoV-19/Denmark/ALAB-SSI-644/2020,EPI_ISL_437016,"B.1.p42 or B.1",GH,"Europe / Denmark / Unknown",2020/03/26
hCoV-19/USA/MI-MDHHS-SC20181/2020,EPI_ISL_436865,A.3,S,"North America / USA / Michigan",2020/03/25
hCoV-19/USA/MI-MDHHS-SC20132/2020,EPI_ISL_436833,A.3,S,"North America / USA / Michigan",2020/03/22
hCoV-19/USA/MI-MDHHS-SC20112/2020,EPI_ISL_436828,A.3,S,"North America / USA / Michigan",2020/03/20
hCoV-19/USA/MI-MDHHS-SC20139/2020,EPI_ISL_436820,A.3,S,"North America / USA / Michigan",2020/03/17
hCoV-19/Australia/VIC1230/2020,EPI_ISL_436688,A.3,S,"Oceania / Australia / Victoria",2-APR-2020
hCoV-19/India/NCDC-3279/2020,EPI_ISL_436434,A.3,O,"Asia / India / Delhi",5-APR-2020
hCoV-19/USA/TX-HMH0450/2020,EPI_ISL_435029,A.3,S,"North America / USA / Texas",3-APR-2020
hCoV-19/USA/TX-HMH0446/2020,EPI_ISL_435026,A.3,S,"North America / USA / Texas",3-APR-2020
hCoV-19/USA/TX-HMH0435/2020,EPI_ISL_435018,A.3,S,"North America / USA / Texas",2-APR-2020
hCoV-19/USA/TX-HMH0432/2020,EPI_ISL_435015,A.3,S,"North America / USA / Texas",2-APR-2020
hCoV-19/USA/TX-HMH0431/2020,EPI_ISL_435014,A.3,S,"North America / USA / Texas",2-APR-2020
hCoV-19/USA/TX-HMH0430/2020,EPI_ISL_435013,A.3,S,"North America / USA / Texas",2-APR-2020
hCoV-19/USA/TX-HMH0428/2020,EPI_ISL_435011,A.3,S,"North America / USA / Texas",2-APR-2020
hCoV-19/USA/TX-HMH0427/2020,EPI_ISL_435010,A.3,S,"North America / USA / Texas",2-APR-2020
hCoV-19/USA/TX-HMH0423/2020,EPI_ISL_435006,A.3,S,"North America / USA / Texas",1-APR-2020
hCoV-19/USA/TX-HMH0400/2020,EPI_ISL_434987,A.3,S,"North America / USA / Texas",1-APR-2020
hCoV-19/USA/TX-HMH0399/2020,EPI_ISL_434986,A.3,S,"North America / USA / Texas",2020/03/31
hCoV-19/USA/TX-HMH0396/2020,EPI_ISL_434983,A.3,S,"North America / USA / Texas",2020/03/31
hCoV-19/USA/TX-HMH0395/2020,EPI_ISL_434982,A.3,S,"North America / USA / Texas",1-APR-2020
hCoV-19/USA/TX-HMH0394/2020,EPI_ISL_434981,A.3,S,"North America / USA / Texas",2020/03/31
hCoV-19/USA/TX-HMH0391/2020,EPI_ISL_434978,A.3,S,"North America / USA / Texas",2020/03/27
hCoV-19/USA/TX-HMH0387/2020,EPI_ISL_434974,A.3,S,"North America / USA / Texas",2020/03/29
hCoV-19/USA/TX-HMH0383/2020,EPI_ISL_434971,A.3,S,"North America / USA / Texas",2020/03/31
hCoV-19/USA/TX-HMH0381/2020,EPI_ISL_434969,A.3,S,"North America / USA / Texas",2020/03/30
hCoV-19/USA/TX-HMH0379/2020,EPI_ISL_434967,A.3,S,"North America / USA / Texas",2020/03/30
hCoV-19/USA/TX-HMH0375/2020,EPI_ISL_434964,A.3,S,"North America / USA / Texas",2020/03/31
hCoV-19/USA/TX-HMH0370/2020,EPI_ISL_434961,A.3,S,"North America / USA / Texas",2020/03/27
hCoV-19/USA/TX-HMH0360/2020,EPI_ISL_434953,A.3,S,"North America / USA / Texas",2020/03/29
hCoV-19/USA/TX-HMH0322/2020,EPI_ISL_434934,A.3,S,"North America / USA / Texas",2020/03/28
hCoV-19/USA/TX-HMH0318/2020,EPI_ISL_434932,A.3,S,"North America / USA / Texas",2020/03/28
hCoV-19/USA/TX-HMH0303/2020,EPI_ISL_434925,A.3,S,"North America / USA / Texas",2020/03/28
hCoV-19/USA/TX-HMH0301/2020,EPI_ISL_434924,A.3,S,"North America / USA / Texas",2020/03/28
hCoV-19/USA/TX-HMH0300/2020,EPI_ISL_434923,A.3,S,"North America / USA / Texas",2020/03/28
hCoV-19/USA/TX-HMH0290/2020,EPI_ISL_434916,A.3,S,"North America / USA / Texas",2020/03/27
hCoV-19/USA/TX-HMH0279/2020,EPI_ISL_434907,A.3,S,"North America / USA / Texas",2020/03/27
hCoV-19/USA/TX-HMH0277/2020,EPI_ISL_434905,A.3,S,"North America / USA / Texas",2020/03/27
hCoV-19/USA/TX-HMH0276/2020,EPI_ISL_434904,A.3,S,"North America / USA / Texas",2020/03/27
hCoV-19/USA/TX-HMH0274/2020,EPI_ISL_434902,A.3,S,"North America / USA / Texas",2020/03/27
hCoV-19/USA/TX-HMH0268/2020,EPI_ISL_434897,A.3,S,"North America / USA / Texas",2020/03/26
hCoV-19/USA/TX-HMH0267/2020,EPI_ISL_434896,A.3,S,"North America / USA / Texas",2020/03/26
hCoV-19/USA/TX-HMH0263/2020,EPI_ISL_434892,A.3,S,"North America / USA / Texas",2020/03/26
hCoV-19/USA/TX-HMH0234/2020,EPI_ISL_434891,A.3,S,"North America / USA / Texas",2020/03/24
hCoV-19/USA/TX-HMH0212/2020,EPI_ISL_434887,A.3,S,"North America / USA / Texas",2020/03/24
hCoV-19/USA/TX-HMH0211/2020,EPI_ISL_434886,A.3,S,"North America / USA / Texas",2020/03/24
hCoV-19/USA/TX-HMH0209/2020,EPI_ISL_434884,A.3,S,"North America / USA / Texas",2020/03/24
hCoV-19/USA/TX-HMH0207/2020,EPI_ISL_434882,A.3,S,"North America / USA / Texas",2020/03/24
hCoV-19/USA/TX-HMH0198/2020,EPI_ISL_434873,A.3,S,"North America / USA / Texas",2020/03/24
hCoV-19/USA/TX-HMH0197/2020,EPI_ISL_434872,A.3,S,"North America / USA / Texas",2020/03/23
hCoV-19/USA/TX-HMH0192/2020,EPI_ISL_434867,A.3,S,"North America / USA / Texas",2020/03/23
hCoV-19/USA/TX-HMH0184/2020,EPI_ISL_434862,A.3,S,"North America / USA / Texas",2020/03/23
hCoV-19/USA/TX-HMH0156/2020,EPI_ISL_434855,A.3,S,"North America / USA / Texas",2020/03/23
hCoV-19/USA/TX-HMH0155/2020,EPI_ISL_434854,A.3,S,"North America / USA / Texas",2020/03/23
hCoV-19/USA/TX-HMH0150/2020,EPI_ISL_434849,A.3,S,"North America / USA / Texas",2020/03/22
hCoV-19/USA/TX-HMH0141/2020,EPI_ISL_434840,A.3,S,"North America / USA / Texas",2020/03/21
hCoV-19/USA/TX-HMH0138/2020,EPI_ISL_434838,A.3,S,"North America / USA / Texas",2020/03/21
hCoV-19/USA/TX-HMH0136/2020,EPI_ISL_434836,A.3,S,"North America / USA / Texas",2020/03/21
hCoV-19/USA/TX-HMH0135/2020,EPI_ISL_434835,A.3,S,"North America / USA / Texas",2020/03/21
hCoV-19/USA/TX-HMH0131/2020,EPI_ISL_434831,A.3,S,"North America / USA / Texas",2020/03/21
hCoV-19/USA/TX-HMH0129/2020,EPI_ISL_434829,A.3,S,"North America / USA / Texas",2020/03/21
hCoV-19/USA/TX-HMH0128/2020,EPI_ISL_434828,A.3,S,"North America / USA / Texas",2020/03/21
hCoV-19/USA/TX-HMH0127/2020,EPI_ISL_434827,A.3,S,"North America / USA / Texas",2020/03/20
hCoV-19/USA/TX-HMH0126/2020,EPI_ISL_434826,A.3,S,"North America / USA / Texas",2020/03/20
hCoV-19/USA/TX-HMH0125/2020,EPI_ISL_434825,A.3,S,"North America / USA / Texas",2020/03/20
hCoV-19/USA/TX-HMH0112/2020,EPI_ISL_434814,A.3,S,"North America / USA / Texas",2020/03/20
hCoV-19/USA/TX-HMH0111/2020,EPI_ISL_434813,A.3,S,"North America / USA / Texas",2020/03/20
hCoV-19/USA/TX-HMH0110/2020,EPI_ISL_434812,A.3,S,"North America / USA / Texas",2020/03/20
hCoV-19/USA/TX-HMH0105/2020,EPI_ISL_434810,A.3,S,"North America / USA / Texas",2020/03/20
hCoV-19/USA/TX-HMH0104/2020,EPI_ISL_434809,A.3,S,"North America / USA / Texas",2020/03/20
hCoV-19/USA/TX-HMH096/2020,EPI_ISL_434801,A.3,S,"North America / USA / Texas",2020/03/19
hCoV-19/USA/TX-HMH092/2020,EPI_ISL_434797,A.3,S,"North America / USA / Texas",2020/03/19
hCoV-19/USA/TX-HMH079/2020,EPI_ISL_434788,A.3,S,"North America / USA / Texas",2020/03/19
hCoV-19/USA/TX-HMH068/2020,EPI_ISL_434777,A.3,S,"North America / USA / Texas",2020/03/18
hCoV-19/USA/TX-HMH066/2020,EPI_ISL_434775,A.3,S,"North America / USA / Texas",2020/03/18
hCoV-19/USA/TX-HMH057/2020,EPI_ISL_434766,A.3,S,"North America / USA / Texas",2020/03/17
hCoV-19/USA/TX-HMH051/2020,EPI_ISL_434760,A.3,S,"North America / USA / Texas",2020/03/17
hCoV-19/USA/TX-HMH049/2020,EPI_ISL_434758,A.3,S,"North America / USA / Texas",2020/03/16
hCoV-19/USA/TX-HMH022/2020,EPI_ISL_434732,A.3,S,"North America / USA / Texas",2020/03/17
hCoV-19/USA/TX-HMH021/2020,EPI_ISL_434731,A.3,S,"North America / USA / Texas",2020/03/17
hCoV-19/USA/TX-HMH06/2020,EPI_ISL_434717,A.3,S,"North America / USA / Texas",2020/03/16
hCoV-19/USA/MD-HP00030/2020,EPI_ISL_434686,A.3,S,"North America / USA / Maryland",2020/03/20
hCoV-19/USA/FL-UF2/2020,EPI_ISL_434637,A.3,S,"North America / USA / Florida",2020/03/27
hCoV-19/USA/VA-DCLS-0098/2020,EPI_ISL_434592,A.3,S,"North America / USA / Virginia",10-APR-2020
hCoV-19/USA/VA-DCLS-0095/2020,EPI_ISL_434590,A.3,S,"North America / USA / Virginia",9-APR-2020
"hCoV-19/Hong Kong/HKU-001a/2020",EPI_ISL_434571,A,S,"Asia / Hong Kong",2020/01/22
hCoV-19/USA/WA-S343/2020,EPI_ISL_434103,A.3,S,"North America / USA / Washington / Yakima County",2-APR-2020
hCoV-19/USA/WA-S320/2020,EPI_ISL_434080,A.1,S,"North America / USA / Washington / Franklin County",1-APR-2020
hCoV-19/Scotland/CVR1856/2020,EPI_ISL_433660,A.3,S,"Europe / United Kingdom / Scotland",8-APR-2020
hCoV-19/Scotland/CVR1469/2020,EPI_ISL_433594,A.3,S,"Europe / United Kingdom / Scotland",2-APR-2020
hCoV-19/Scotland/CVR1361/2020,EPI_ISL_433554,A.3,S,"Europe / United Kingdom / Scotland",1-APR-2020
hCoV-19/Scotland/EDB1001/2020,EPI_ISL_433374,B.1.p11,G,"Europe / United Kingdom / Scotland",6-APR-2020
hCoV-19/Scotland/CVR261/2020,EPI_ISL_433277,A.3,S,"Europe / United Kingdom / Scotland",2020/03/20
hCoV-19/Scotland/EDB799/2020,EPI_ISL_433247,B.1.p11,G,"Europe / United Kingdom / Scotland",4-APR-2020
hCoV-19/Wales/PHWC-2B1C0/2020,EPI_ISL_432378,B.1.1.1,GR,"Europe / United Kingdom / Wales",8-APR-2020
hCoV-19/USA/CT-Yale-129/2020,EPI_ISL_431092,B.1,GH,"North America / USA / Connecticut",13-APR-2020
hCoV-19/Australia/VIC1295/2020,EPI_ISL_430712,A.3,S,"Oceania / Australia / Victoria",9-APR-2020
hCoV-19/Australia/VIC1305/2020,EPI_ISL_430705,A.3,S,"Oceania / Australia / Victoria",10-APR-2020
hCoV-19/Australia/VIC1276/2020,EPI_ISL_430685,B.1.1.10,GR,"Oceania / Australia / Victoria",4-APR-2020
hCoV-19/Australia/VIC1079/2020,EPI_ISL_430565,A.3,S,"Oceania / Australia / Victoria",6-APR-2020
hCoV-19/Australia/VIC1023/2020,EPI_ISL_430530,A.3,S,"Oceania / Australia / Victoria",2-APR-2020
hCoV-19/Australia/VIC956/2020,EPI_ISL_430529,B.1.1.10,GR,"Oceania / Australia / Victoria",2020/03/27
hCoV-19/USA/NY-NYUMC394/2020,EPI_ISL_430421,B.1,GH,"North America / USA / New York / Brooklyn",13-APR-2020
hCoV-19/USA/WA-S278/2020,EPI_ISL_430132,A.3,S,"North America / USA / Washington",2020/03/17
hCoV-19/USA/WA-S262/2020,EPI_ISL_430116,A.3,S,"North America / USA / Washington",2020/03/16
hCoV-19/USA/VA-DCLS-0071/2020,EPI_ISL_429971,A.3,S,"North America / USA / Virginia",2020/03/30
hCoV-19/USA/VA-DCLS-0070/2020,EPI_ISL_429970,A.3,S,"North America / USA / Virginia",2020/03/28
hCoV-19/USA/CA-CZB043/2020,EPI_ISL_429048,A.3,S,"North America / USA / California / San Francisco",2020/03/25
hCoV-19/USA/WI-UW-252/2020,EPI_ISL_428726,A.3,S,"North America / USA / Wisconsin",2020/03/24
hCoV-19/Guangdong/20SF254/2020,EPI_ISL_428457,A,S,"Asia / China / Guangdong / Huizhou",2020/01/23
hCoV-19/Guangdong/20SF115/2020,EPI_ISL_428443,A,S,"Asia / China / Guangdong / Guangzhou",2020/01/21
hCoV-19/USA/CT-Yale-086/2020,EPI_ISL_428394,B.1,GH,"North America / USA / Connecticut",7-APR-2020
hCoV-19/USA/CT-Yale-066/2020,EPI_ISL_428385,B.1,GH,"North America / USA / Connecticut",4-APR-2020
hCoV-19/USA/WI-UW-245/2020,EPI_ISL_428341,A.3,S,"North America / USA / Wisconsin / Milwaukee",2020/03/28
hCoV-19/USA/WI-UW-235/2020,EPI_ISL_428331,A.3,S,"North America / USA / Wisconsin / Cudahy",2020/03/28
hCoV-19/USA/WI-UW-218/2020,EPI_ISL_428314,A.3,S,"North America / USA / Wisconsin / Milwaukee",2020/03/25
hCoV-19/USA/WI-UW-189/2020,EPI_ISL_428285,A.3,S,"North America / USA / Wisconsin / Milwaukee",2020/03/23
hCoV-19/USA/WI-UW-184/2020,EPI_ISL_428280,A.3,S,"North America / USA / Wisconsin / Milwaukee",2020/03/22
hCoV-19/USA/WI-UW-166/2020,EPI_ISL_428262,A.3,S,"North America / USA / Wisconsin / Greenfield",2020/03/17
hCoV-19/Australia/NSW216/2020,EPI_ISL_427732,A.3,O,"Oceania / Australia / New South Wales / Sydney",2020/03/17
hCoV-19/Australia/NSW215/2020,EPI_ISL_427730,A.3,O,"Oceania / Australia / New South Wales / Sydney",2020/03/17
hCoV-19/Australia/NSW214/2020,EPI_ISL_427727,A.3,O,"Oceania / Australia / New South Wales / Sydney",2020/03/17
hCoV-19/Australia/NSW213/2020,EPI_ISL_427726,A.3,O,"Oceania / Australia / New South Wales / Sydney",2020/03/19
hCoV-19/USA/NY-WCMP11A03P/2020,EPI_ISL_427583,A.3,S,"North America / USA / New York / Manhattan",2020/03/16
hCoV-19/USA/WI-UW-143/2020,EPI_ISL_427450,A.3,S,"North America / USA / Illinois",13-APR-2020
hCoV-19/USA/WI-UW-126/2020,EPI_ISL_427433,A.3,S,"North America / USA / Illinois",11-APR-2020
hCoV-19/USA/OH-OSUP0016/2020,EPI_ISL_427288,A.3,S,"North America / USA / Ohio / Columbus",2020/03/31
hCoV-19/USA/WA-UW-3841/2020,EPI_ISL_427190,A.3,S,"North America / USA / Washington",2020/03/26
hCoV-19/Australia/VIC886/2020,EPI_ISL_427139,A.3,S,"Oceania / Australia / Victoria",6-APR-2020
hCoV-19/Australia/VIC875/2020,EPI_ISL_427130,A.3,S,"Oceania / Australia / Victoria",5-APR-2020
hCoV-19/Australia/VIC836/2020,EPI_ISL_427100,A.3,S,"Oceania / Australia / Victoria",4-APR-2020
hCoV-19/Australia/VIC746/2020,EPI_ISL_427024,A.3,S,"Oceania / Australia / Victoria",2020/03/29
hCoV-19/Australia/VIC711/2020,EPI_ISL_426998,A.3,S,"Oceania / Australia / Victoria",2020/03/29
hCoV-19/Australia/VIC669/2020,EPI_ISL_426965,A.3,S,"Oceania / Australia / Victoria",2020/03/27
hCoV-19/Australia/VIC646/2020,EPI_ISL_426942,A.3,S,"Oceania / Australia / Victoria",2020/03/24
hCoV-19/Australia/VIC386/2020,EPI_ISL_426693,"A or A.1",S,"Oceania / Australia / Victoria",2020/03/23
hCoV-19/Australia/VIC350/2020,EPI_ISL_426658,A.3,S,"Oceania / Australia / Victoria",2020/03/20
hCoV-19/Australia/VIC330/2020,EPI_ISL_426640,A.3,S,"Oceania / Australia / Victoria",2020/03/18
hCoV-19/Australia/NT18/2020,EPI_ISL_426635,A.3,S,"Oceania / Australia / Northern territory",2020/03/23
hCoV-19/USA/AZ-TG271435/2020,EPI_ISL_426534,A.3,S,"North America / USA / Arizona",2020/03/27
hCoV-19/USA/AZ-TG268282/2020,EPI_ISL_426504,A.3,S,"North America / USA / Arizona",2020/03/17
hCoV-19/USA/GA_2070/2020,EPI_ISL_426417,A.3,S,"North America / USA / Georgia",2020/03/07
hCoV-19/Korea/KCDC2014/2020,EPI_ISL_426187,A,S,"Asia / South Korea",12-FEB-2020
hCoV-19/Korea/KCDC2013/2020,EPI_ISL_426183,A,S,"Asia / South Korea",23-FEB-2020
hCoV-19/Korea/KCDC2012/2020,EPI_ISL_426182,A,S,"Asia / South Korea",9-FEB-2020
hCoV-19/USA/WA-UW-2228/2020,EPI_ISL_426119,A.3,S,"North America / USA / Washington",2020/03/23
hCoV-19/Scotland/EDB502/2020,EPI_ISL_426009,B.1.p11,G,"Europe / United Kingdom / Scotland",2020/03/31
hCoV-19/Scotland/EDB342/2020,EPI_ISL_425976,B.1.p11,G,"Europe / United Kingdom / Scotland",2020/03/30
hCoV-19/Scotland/CVR634/2020,EPI_ISL_425793,A.3,S,"Europe / United Kingdom / Scotland",2020/03/25
hCoV-19/Scotland/CVR205/2020,EPI_ISL_425735,A.3,S,"Europe / United Kingdom / Scotland",2020/03/19
hCoV-19/Scotland/CVR113/2020,EPI_ISL_425658,A.3,S,"Europe / United Kingdom / Scotland",2020/03/15
hCoV-19/England/201360049/2020,EPI_ISL_425023,B.1.1.10,GR,"Europe / United Kingdom / England",2020/03/24
hCoV-19/USA/NC_200181/2020,EPI_ISL_424987,A.3,S,"North America / USA / North Carolina",2020/03/01
hCoV-19/USA/SC_3571/2020,EPI_ISL_424904,A.3,S,"North America / USA / South Carolina",2020/03/07
hCoV-19/USA/SC_3570/2020,EPI_ISL_424903,A.3,S,"North America / USA / South Carolina",2020/03/07
hCoV-19/USA/SC_3520/2020,EPI_ISL_424902,A.3,S,"North America / USA / South Carolina",2020/03/05
hCoV-19/USA/SC_6370/2020,EPI_ISL_424888,A.3,S,"North America / USA / South Carolina",2020/03/08
hCoV-19/USA/GA_2343/2020,EPI_ISL_424864,A.3,S,"North America / USA / Georgia",2020/03/10
hCoV-19/USA/GA_2120/2020,EPI_ISL_424862,A.3,S,"North America / USA / Georgia",2020/03/01
hCoV-19/USA/GA_2118/2020,EPI_ISL_424861,A.3,S,"North America / USA / Georgia",2020/03/08
hCoV-19/USA/GA_2055/2020,EPI_ISL_424860,A.3,S,"North America / USA / Georgia",2020/03/01
hCoV-19/USA/GA_1847/2020,EPI_ISL_424859,A.3,S,"North America / USA / Georgia",2020/03/05
hCoV-19/USA/FL_9655/2020,EPI_ISL_424854,A.3,S,"North America / USA / Florida",2020/03/05
hCoV-19/USA/SC_3575/2020,EPI_ISL_424842,A.3,S,"North America / USA / South Carolina",2020/03/07
hCoV-19/USA/SC_3569/2020,EPI_ISL_424841,A.3,S,"North America / USA / South Carolina",2020/03/06
hCoV-19/Iceland/583/2020,EPI_ISL_424603,B.1.1.10,GR,"Europe / Iceland / Reykjavik",2020/03/27
hCoV-19/Iceland/442/2020,EPI_ISL_424466,B.1.1.10,GR,"Europe / Iceland / Reykjavik",2020/03/20
hCoV-19/Iceland/439/2020,EPI_ISL_424463,B.1.1.10,GR,"Europe / Iceland / Reykjavik",2020/03/20
hCoV-19/England/20144060804/2020,EPI_ISL_423549,B.3,L,"Europe / United Kingdom / England",2020/03/31
hCoV-19/England/20144038004/2020,EPI_ISL_423541,B.3,L,"Europe / United Kingdom / England",2020/03/31
hCoV-19/England/20144010904/2020,EPI_ISL_423505,B.3,L,"Europe / United Kingdom / England",2020/03/30
hCoV-19/England/20138063404/2020,EPI_ISL_423320,B.3,L,"Europe / United Kingdom / England",2020/03/26
hCoV-19/England/20138019104/2020,EPI_ISL_423292,B.1.1.7,GR,"Europe / United Kingdom / England",2020/03/26
hCoV-19/England/20138018804/2020,EPI_ISL_423291,B.1.1,GR,"Europe / United Kingdom / England",2020/03/26
hCoV-19/England/201360224/2020,EPI_ISL_423254,B.1.1.7,GR,"Europe / United Kingdom / England",2020/03/25
hCoV-19/Taiwan/NTU13/2020,EPI_ISL_422415,A.3,S,"Asia / Taiwan / Taipei",2020/03/17
hCoV-19/Wales/PHWC-26408/2020,EPI_ISL_422302,B.1.1.1,GR,"Europe / United Kingdom / Wales",2020/03/27
hCoV-19/England/20146012604/2020,EPI_ISL_421980,B.3,L,"Europe / United Kingdom / England",2020/03/31
hCoV-19/USA/NY-PV09077/2020,EPI_ISL_421623,B.1,GH,"North America / USA / New York / Queens",2020/03/20
hCoV-19/USA/NY-PV08490/2020,EPI_ISL_421426,A.3,S,"North America / USA / New York /",2020/03/17
hCoV-19/USA/NY-PV08436/2020,EPI_ISL_421391,B.1,GH,"North America / USA / New York / Manhattan",2020/03/18
hCoV-19/USA/WI-UW-33/2020,EPI_ISL_421291,A.3,S,"North America / USA / Wisconsin / Madison",2020/03/23
hCoV-19/USA/WI-UW-28/2020,EPI_ISL_421286,A.3,S,"North America / USA / Wisconsin / Madison",2020/03/25
hCoV-19/USA/UT-0288/2020,EPI_ISL_420808,A.3,S,"North America / USA / Utah",2020/03/24
hCoV-19/USA/GA_1445/2020,EPI_ISL_420788,A.3,S,"North America / USA / Georgia",2020/03/04
hCoV-19/USA/GA_1320/2020,EPI_ISL_420786,A.3,S,"North America / USA / Georgia",2020/03/03
hCoV-19/England/20139038104/2020,EPI_ISL_420672,B.1.5,G,"Europe / United Kingdom / England",2020/03/27
hCoV-19/England/20139019902/2020,EPI_ISL_420525,B.3,L,"Europe / United Kingdom / England",2020/03/26
hCoV-19/England/20139018202/2020,EPI_ISL_420523,B.3,L,"Europe / United Kingdom / England",2020/03/26
hCoV-19/England/20136015502/2020,EPI_ISL_420520,B.3,L,"Europe / United Kingdom / England",2020/03/24
hCoV-19/England/20129040102/2020,EPI_ISL_420488,B.3,L,"Europe / United Kingdom / England",2020/03/20
hCoV-19/England/20128034002/2020,EPI_ISL_420474,B.3,L,"Europe / United Kingdom / England",2020/03/18
hCoV-19/Belgium/SEM-0324120/2020,EPI_ISL_420377,B.1.1.5,GR,"Europe / Belgium / Beringen",2020/03/24
hCoV-19/Australia/VIC215/2020,EPI_ISL_419910,A.3,S,"Oceania / Australia / Victoria",2020/03/20
hCoV-19/Australia/VIC209/2020,EPI_ISL_419904,A.3,S,"Oceania / Australia / Victoria",2020/03/20
hCoV-19/Australia/VIC150/2020,EPI_ISL_419847,A.3,S,"Oceania / Australia / Victoria",2020/03/17
hCoV-19/Australia/VIC51/2020,EPI_ISL_419826,A.3,S,"Oceania / Australia / Victoria",2020/03/12
hCoV-19/Australia/VIC112/2020,EPI_ISL_419821,A.3,S,"Oceania / Australia / Victoria",2020/03/18
hCoV-19/Australia/VIC103/2020,EPI_ISL_419814,A.3,S,"Oceania / Australia / Victoria",2020/03/17
hCoV-19/Australia/VIC100/2020,EPI_ISL_419812,A.3,S,"Oceania / Australia / Victoria",2020/03/16
hCoV-19/Australia/VIC86/2020,EPI_ISL_419796,A.3,S,"Oceania / Australia / Victoria",2020/03/15
hCoV-19/Australia/VIC85/2020,EPI_ISL_419795,A.3,S,"Oceania / Australia / Victoria",2020/03/15
hCoV-19/Australia/VIC77/2020,EPI_ISL_419789,A.3,S,"Oceania / Australia / Victoria",2020/03/14
hCoV-19/Australia/VIC76/2020,EPI_ISL_419788,A.3,S,"Oceania / Australia / Victoria",2020/03/14
hCoV-19/Australia/VIC73/2020,EPI_ISL_419785,A.3,S,"Oceania / Australia / Victoria",2020/03/14
hCoV-19/Australia/VIC56/2020,EPI_ISL_419777,A.3,S,"Oceania / Australia / Victoria",2020/03/12
hCoV-19/Australia/VIC53/2020,EPI_ISL_419769,A.3,S,"Oceania / Australia / Victoria",2020/03/12
hCoV-19/Australia/VIC35/2020,EPI_ISL_419755,A.3,S,"Oceania / Australia / Victoria",2020/03/10
hCoV-19/Australia/VIC33/2020,EPI_ISL_419752,A.3,S,"Oceania / Australia / Victoria",2020/03/10
hCoV-19/Australia/VIC32/2020,EPI_ISL_419751,A.3,S,"Oceania / Australia / Victoria",2020/03/10
hCoV-19/Australia/VIC28/2020,EPI_ISL_419747,A.3,S,"Oceania / Australia / Victoria",2020/03/10
hCoV-19/Australia/VIC27/2020,EPI_ISL_419746,A.3,S,"Oceania / Australia / Victoria",2020/03/10
hCoV-19/Australia/VIC17/2020,EPI_ISL_419736,A.3,S,"Oceania / Australia / Victoria",2020/03/07
hCoV-19/Australia/VIC117/2020,EPI_ISL_419727,A.3,S,"Oceania / Australia / Victoria",2020/03/19
hCoV-19/Australia/VIC108/2020,EPI_ISL_419714,A.3,S,"Oceania / Australia / Victoria",2020/03/18
hCoV-19/USA/WA-UW330/2020,EPI_ISL_418897,A.3,S,"North America / USA / Washington",2020/03/16
hCoV-19/USA/WA-UW301/2020,EPI_ISL_418869,A.3,S,"North America / USA / Washington",2020/03/16
hCoV-19/Canada/ON_PHL7590/2020,EPI_ISL_418373,B.1.1.10,GR,"North America / Canada / Ontario",2020/03/14
hCoV-19/USA/CT-UW260/2020,EPI_ISL_418045,A.3,S,"North America / USA / Connecticut",2020/03/14
"hCoV-19/Hong Kong/XM-PII-S4/2020",EPI_ISL_417443,A,S,"Asia / Hong Kong",2020/01/22
"hCoV-19/Hong Kong/HKPU1_2101/2020",EPI_ISL_417176,A,S,"Asia / Hong Kong",2020/01/21
"hCoV-19/New Zealand/20VR0275/2020",EPI_ISL_416538,A.3,S,"Oceania / New Zealand / Wellington",2020/03/15
hCoV-19/Vietnam/CM99/2020,EPI_ISL_416429,A,S,"Asia / Vietnam / Vinhphuc",11-FEB-2020
hCoV-19/Vietnam/38142/2020,EPI_ISL_416427,A,S,"Asia / Vietnam / Thanhhoa",2020/01/24
hCoV-19/Shanghai/SH0128/2020,EPI_ISL_416409,A,S,"Asia / China / Shanghai",2-FEB-2020
hCoV-19/Shanghai/SH0079/2020,EPI_ISL_416381,A,S,"Asia / China / Shanghai",1-FEB-2020
hCoV-19/Shanghai/SH0049/2020,EPI_ISL_416357,A,S,"Asia / China / Shanghai",1-FEB-2020
hCoV-19/Shanghai/SH0032/2020,EPI_ISL_416341,A,S,"Asia / China / Shanghai",1-FEB-2020
hCoV-19/Shanghai/SH0029/2020,EPI_ISL_416338,A,S,"Asia / China / Shanghai",1-FEB-2020
hCoV-19/Shanghai/SH0017/2020,EPI_ISL_416328,A,S,"Asia / China / Shanghai",1-FEB-2020
"hCoV-19/Hong Kong/VM20001061-2/2020",EPI_ISL_412028,A,S,"Asia / Hong Kong",2020/01/22
hCoV-19/USA/IL2/2020,EPI_ISL_410045,"A or A.3",S,"North America / USA / Illinois",2020/01/28
hCoV-19/Vietnam/VR03-38142/2020,EPI_ISL_408668,A,S,"Asia / Vietnam / Thanh Hoa",2020/01/24
hCoV-19/Beijing/IVDC-BJ-005/2020,EPI_ISL_408485,A,S,"Asia / China / Beijing",2020/01/18
hCoV-19/Sichuan/IVDC-SC-001/2020,EPI_ISL_408484,A,S,"Asia / China / Sichuan / Chengdu",2020/01/15
hCoV-19/USA/CA1/2020,EPI_ISL_406034,A,S,"North America / USA / California / Los Angeles",2020/01/23
hCoV-19/USA/IL1/2020,EPI_ISL_404253,B,O,"North America / USA / Illinois / Chicago",2020/01/21
