"Virus protein",Replacement,"Number of sequences","Grantham distance2","Miyata distance3",Notes
"ORF 8",L84S,"3,703",144,3.04,
"ORF 8",S24L,912,144,3.04,
"ORF 8",V62L,520,32,0.91,
"ORF 8",A65S,113,99,0.51,
"ORF 8",A51V,59,64,1.85,
"ORF 8",S67F,50,155,3.45,
"ORF 8",Q18*,31,-,-,
"ORF 8",T26I,28,89,2.14,
"ORF 8",E19D,27,45,0.90,
"ORF 8",W45L,27,61,1.73,
"ORF 8",A65V,27,64,1.85,
"ORF 8",Q72H,26,24,0.32,
"ORF 8",P36S,24,73,0.56,
"ORF 8",G8*,23,-,-,
"ORF 8",P36L,23,98,2.70,
"ORF 8",Q27*,22,-,-,
"ORF 8",V32L,21,32,0.91,
"ORF 8",T11I,19,89,2.14,
"ORF 8",E110*,19,-,-,
"ORF 8",S69L,18,144,3.04,
"ORF 8",F120L,18,22,0.63,
"ORF 8",D75V,17,152,3.40,
"ORF 8",E92K,17,57,1.14,
"ORF 8",G8R,14,125,3.58,
"ORF 8",F104L,14,22,0.63,
"ORF 8",I121L,13,5,0.14,
"ORF 8",I10S,12,142,2.95,
"ORF 8",V5L,10,32,0.91,
"ORF 8",P38S,10,73,0.56,
"ORF 8",I39V,10,30,0.85,
"ORF 8",W45C,10,214,3.34,
"ORF 8",E106*,10,-,-,
"ORF 8",L4I,9,5,0.14,
"ORF 8",I9T,9,89,2.14,
"ORF 8",A55V,9,64,1.85,
"ORF 8",T87I,9,89,2.14,
"ORF 8",S54L,8,144,3.04,
"ORF 8",Y73H,8,83,2.27,
"ORF 8",L95F,8,22,0.63,
"ORF 8",F120V,8,50,1.43,
"ORF 8",T11A,7,58,0.90,
"ORF 8",D35Y,7,160,3.95,
"ORF 8",C37F,7,204,2.24,
"ORF 8",V81A,7,64,1.85,
"ORF 8",T11K,6,78,2.10,
"ORF 8",E19*,6,-,-,
"ORF 8",P38V,6,68,1.79,
"ORF 8",E64*,6,-,-,
"ORF 8",S69P,6,73,0.56,
"ORF 8",P70L,6,98,2.70,
"ORF 8",V99L,6,32,0.91,
"ORF 8",C102F,6,204,2.24,
"ORF 8",S103L,6,144,3.04,
"ORF 8",R115L,6,102,2.62,
"ORF 8",L4F,5,22,0.63,
"ORF 8",G8V,5,109,2.76,
"ORF 8",Y31*,5,-,-,
"ORF 8",D34E,5,45,0.90,
"ORF 8",A51S,5,99,0.51,
"ORF 8",R52T,5,71,2.03,
"ORF 8",D63G,5,94,2.37,
"ORF 8",G96S,5,55,0.85,
"ORF 8",E110G,5,98,2.78,
"ORF 8",V114I,5,30,0.85,
"ORF 8",I121F,5,21,0.61,
"ORF 8",Y31H,4,83,2.27,
"ORF 8",G50*,4,-,-,
"ORF 8",P56S,4,73,0.56,
"ORF 8",E64D,4,45,0.90,
"ORF 8",I71T,4,89,2.14,
"ORF 8",R115C,4,180,3.06,
"ORF 8",D119E,4,45,0.90,
"ORF 8",M1I,3,10,0.29,
"ORF 8",V5F,3,50,1.43,
"ORF 8",G8E,3,98,2.78,
"ORF 8",I10F,3,21,0.61,
"ORF 8",I10T,3,89,2.14,
"ORF 8",C20F,3,204,2.24,
"ORF 8",Q23*,3,-,-,
"ORF 8",Q23H,3,24,0.32,
"ORF 8",C25F,3,204,2.24,
"ORF 8",H28L,3,99,2.59,
"ORF 8",P30S,3,73,0.56,
"ORF 8",R52I,3,98,2.49,
"ORF 8",P56L,3,98,2.70,
"ORF 8",E59*,3,-,-,
"ORF 8",V62A,3,64,1.85,
"ORF 8",G66C,3,158,2.22,
"ORF 8",G66S,3,55,0.85,
"ORF 8",G77C,3,158,2.22,
"ORF 8",P85S,3,73,0.56,
"ORF 8",Q91K,3,53,1.06,
"ORF 8",R101C,3,180,3.06,
"ORF 8",E106Q,3,29,0.84,
"ORF 8",E110Q,3,29,0.84,
"ORF 8",V117F,3,50,1.43,
"ORF 8",L7*,2,-,-,
"ORF 8",A14S,2,99,0.51,
"ORF 8",H17Y,2,83,2.27,
"ORF 8",H28Q,2,24,0.32,
"ORF 8",P30L,2,98,2.70,
"ORF 8",V32I,2,30,0.85,
"ORF 8",P38L,2,98,2.70,
"ORF 8",W45*,2,-,-,
"ORF 8",R48G,2,125,3.58,
"ORF 8",V49L,2,32,0.91,
"ORF 8",G50E,2,98,2.78,
"ORF 8",A51D,2,126,2.37,
"ORF 8",K53N,2,94,1.84,
"ORF 8",I58L,2,5,0.14,
"ORF 8",L60F,2,22,0.63,
"ORF 8",A65G,2,60,0.91,
"ORF 8",A65T,2,58,0.90,
"ORF 8",I71F,2,21,0.61,
"ORF 8",D75G,2,94,2.37,
"ORF 8",D75N,2,23,0.65,
"ORF 8",D75Y,2,160,3.95,
"ORF 8",I76V,2,30,0.85,
"ORF 8",G77S,2,55,0.85,
"ORF 8",I88V,2,30,0.85,
"ORF 8",P93L,2,98,2.70,
"ORF 8",G96C,2,158,2.22,
"ORF 8",R101L,2,102,2.62,
"ORF 8",F104S,2,155,3.45,
"ORF 8",D107E,2,45,0.90,
"ORF 8",D107Y,2,160,3.95,
"ORF 8",H112Q,2,24,0.32,
"ORF 8",D113Y,2,160,3.95,
"ORF 8",V114F,2,50,1.43,
"ORF 8",M1T,1,81,1.86,
"ORF 8",M1V,1,22,0.62,
"ORF 8",K2E,1,57,1.14,
"ORF 8",F3I,1,21,0.61,
"ORF 8",F3L,1,22,0.63,
"ORF 8",V5A,1,64,1.85,
"ORF 8",L7S,1,144,3.04,
"ORF 8",I9M,1,10,0.29,
"ORF 8",T12A,1,58,0.90,
"ORF 8",T12I,1,89,2.14,
"ORF 8",T12S,1,58,0.89,
"ORF 8",V13I,1,30,0.85,
"ORF 8",A15V,1,64,1.85,
"ORF 8",F16S,1,155,3.45,
"ORF 8",F16V,1,50,1.43,
"ORF 8",Q18K,1,53,1.06,
"ORF 8",E19K,1,57,1.14,
"ORF 8",C20G,1,158,2.22,
"ORF 8",C25S,1,112,1.84,
"ORF 8",T26A,1,58,0.90,
"ORF 8",H28Y,1,83,2.27,
"ORF 8",Q29*,1,-,-,
"ORF 8",Q29R,1,43,1.13,
"ORF 8",P30Q,1,75,1.92,
"ORF 8",P30T,1,38,0.87,
"ORF 8",V32G,1,109,2.76,
"ORF 8",V33A,1,64,1.85,
"ORF 8",V33I,1,30,0.85,
"ORF 8",D34G,1,94,2.37,
"ORF 8",D34V,1,152,3.40,
"ORF 8",D35E,1,45,0.90,
"ORF 8",D35N,1,23,0.65,
"ORF 8",H40P,1,76,2.15,
"ORF 8",H40Q,1,24,0.32,
"ORF 8",H40Y,1,83,2.27,
"ORF 8",F41Y,1,22,0.48,
"ORF 8",Y42H,1,83,2.27,
"ORF 8",S43F,1,155,3.45,
"ORF 8",S43P,1,73,0.56,
"ORF 8",W45S,1,177,4.38,
"ORF 8",Y46*,1,-,-,
"ORF 8",I47V,1,30,0.85,
"ORF 8",A51G,1,60,0.91,
"ORF 8",R52K,1,26,0.40,
"ORF 8",R52S,1,109,2.74,
"ORF 8",S54P,1,73,0.56,
"ORF 8",S54T,1,58,0.89,
"ORF 8",P56H,1,76,2.15,
"ORF 8",L57S,1,144,3.04,
"ORF 8",I58N,1,149,3.37,
"ORF 8",I58T,1,89,2.14,
"ORF 8",D63A,1,126,2.37,
"ORF 8",D63N,1,23,0.65,
"ORF 8",E64V,1,121,2.97,
"ORF 8",A65D,1,126,2.37,
"ORF 8",G66A,1,60,0.91,
"ORF 8",G66V,1,109,2.76,
"ORF 8",K68*,1,-,-,
"ORF 8",K68E,1,57,1.14,
"ORF 8",P70S,1,73,0.56,
"ORF 8",P70T,1,38,0.87,
"ORF 8",Q72R,1,43,1.13,
"ORF 8",I74F,1,21,0.61,
"ORF 8",I74L,1,5,0.14,
"ORF 8",I74T,1,89,2.14,
"ORF 8",I74V,1,30,0.85,
"ORF 8",I76F,1,21,0.61,
"ORF 8",I76T,1,89,2.14,
"ORF 8",T80I,1,89,2.14,
"ORF 8",T80K,1,78,2.10,
"ORF 8",S82P,1,73,0.56,
"ORF 8",C83F,1,204,2.24,
"ORF 8",C83Y,1,194,2.38,
"ORF 8",L84F,1,22,0.63,
"ORF 8",P85L,1,98,2.70,
"ORF 8",P85T,1,38,0.87,
"ORF 8",F86S,1,155,3.45,
"ORF 8",I88F,1,21,0.61,
"ORF 8",I88T,1,89,2.14,
"ORF 8",N89D,1,23,0.65,
"ORF 8",N89S,1,46,1.31,
"ORF 8",C90F,1,204,2.24,
"ORF 8",Q91H,1,24,0.32,
"ORF 8",E92G,1,98,2.78,
"ORF 8",P93S,1,73,0.56,
"ORF 8",K94I,1,102,2.84,
"ORF 8",K94T,1,78,2.10,
"ORF 8",G96V,1,109,2.76,
"ORF 8",S97N,1,46,1.31,
"ORF 8",V100L,1,32,0.91,
"ORF 8",C102Y,1,194,2.38,
"ORF 8",S103P,1,73,0.56,
"ORF 8",Y105N,1,142,3.42,
"ORF 8",E106G,1,98,2.78,
"ORF 8",E106K,1,57,1.14,
"ORF 8",E106V,1,121,2.97,
"ORF 8",D107N,1,23,0.65,
"ORF 8",F108S,1,155,3.45,
"ORF 8",F108V,1,50,1.43,
"ORF 8",F108Y,1,22,0.48,
"ORF 8",E110D,1,45,0.90,
"ORF 8",Y111C,1,194,2.38,
"ORF 8",H112R,1,29,0.82,
"ORF 8",H112Y,1,83,2.27,
"ORF 8",R115S,1,109,2.74,
"ORF 8",V116A,1,64,1.85,
"ORF 8",L118*,1,-,-,
"ORF 8",L118F,1,22,0.63,
"ORF 8",L118S,1,144,3.04,
"ORF 8",L118V,1,32,0.91,
"ORF 8",D119Y,1,160,3.95,
"ORF 8",I121V,1,30,0.85,
